2026.09.07 19:31:40 WARN  Using H2 2.4.240 which is newer than the version Flyway has been verified with. The latest verified version of H2 is 2.3.232.
2026.09.07 19:31:40 INFO  no build target found for /Users/maksym/Documents/Projects/school-management-system/backend/schedule-service/src/main/java/org/edziennik/scheduleservice/schedule/dto/ScheduleOccurrenceDTO.java. Using fallback presentation compiler.
wrz 07, 2026 7:31:41 PM org.eclipse.lsp4j.jsonrpc.RemoteEndpoint handleCancellation
WARNING: Unmatched cancel notification for request id 2
2026.09.07 19:31:40 INFO  no build target found for /Users/maksym/Documents/Projects/school-management-system/backend/schedule-service/src/main/java/org/edziennik/scheduleservice/schedule/dto/ScheduleOccurrenceDTO.java. Using fallback presentation compiler.
2026.09.07 19:31:40 INFO  no build target found for /Users/maksym/Documents/Projects/school-management-system/backend/schedule-service/src/main/java/org/edziennik/scheduleservice/schedule/dto/ScheduleOccurrenceDTO.java. Using fallback presentation compiler.
wrz 07, 2026 7:31:41 PM org.eclipse.lsp4j.jsonrpc.RemoteEndpoint handleCancellation
WARNING: Unmatched cancel notification for request id 7
2026.09.07 19:31:40 INFO  no build target found for /Users/maksym/Documents/Projects/school-management-system/backend/schedule-service/src/main/java/org/edziennik/scheduleservice/schedule/dto/ScheduleOccurrenceDTO.java. Using fallback presentation compiler.
2026.09.07 19:31:41 INFO  no build target found for /Users/maksym/Documents/Projects/school-management-system/backend/schedule-service/src/main/java/org/edziennik/scheduleservice/schedule/dto/ScheduleOccurrenceDTO.java. Using fallback presentation compiler.
2026.09.07 19:31:40 INFO  no build target found for /Users/maksym/Documents/Projects/school-management-system/backend/schedule-service/src/main/java/org/edziennik/scheduleservice/schedule/dto/ScheduleOccurrenceDTO.java. Using fallback presentation compiler.
2026.09.07 19:31:41 WARN  no build tool detected in workspace '/Users/maksym/Documents/Projects/school-management-system'. The most common cause for this problem is that the editor was opened in the wrong working directory, for example if you use sbt then the workspace directory should contain build.sbt. 
2026.09.07 19:31:41 WARN  Build server is not auto-connectable.
2026.09.07 19:31:41 WARN  no build target for: /Users/maksym/Documents/Projects/school-management-system/backend/schedule-service/src/main/java/org/edziennik/scheduleservice/schedule/dto/ScheduleOccurrenceDTO.java
2026.09.07 19:31:43 INFO  no build target found for /Users/maksym/Documents/Projects/school-management-system/backend/schedule-service/src/main/java/org/edziennik/scheduleservice/schedule/dto/ScheduleOccurrenceDTO.java. Using fallback presentation compiler.
2026.09.07 19:31:43 INFO  no build target found for /Users/maksym/Documents/Projects/school-management-system/backend/schedule-service/src/main/java/org/edziennik/scheduleservice/schedule/dto/ScheduleOccurrenceDTO.java. Using fallback presentation compiler.
2026.09.07 19:31:43 INFO  no build target found for /Users/maksym/Documents/Projects/school-management-system/backend/schedule-service/src/main/java/org/edziennik/scheduleservice/schedule/dto/ScheduleOccurrenceDTO.java. Using fallback presentation compiler.
2026.09.07 19:31:43 WARN  no build target for: /Users/maksym/Documents/Projects/school-management-system/backend/schedule-service/src/main/java/org/edziennik/scheduleservice/schedule/dto/ScheduleOccurrenceDTO.java
2026.09.07 19:31:43 INFO  no build target found for /Users/maksym/Documents/Projects/school-management-system/backend/schedule-service/src/main/java/org/edziennik/scheduleservice/schedule/dto/ScheduleOccurrenceDTO.java. Using fallback presentation compiler.
2026.09.07 19:31:44 INFO  time: code lens generation in 2.13s
2026.09.07 19:31:58 INFO  no build target found for /Users/maksym/Documents/Projects/school-management-system/backend/schedule-service/src/main/java/org/edziennik/scheduleservice/schedule/dto/ScheduleOccurrenceDTO.java. Using fallback presentation compiler.
2026.09.07 19:32:29 INFO  no build target found for /Users/maksym/Documents/Projects/school-management-system/backend/schedule-service/src/main/java/org/edziennik/scheduleservice/exception/GlobalExceptionHandler.java. Using fallback presentation compiler.
2026.09.07 19:32:29 WARN  no build target for: /Users/maksym/Documents/Projects/school-management-system/backend/schedule-service/src/main/java/org/edziennik/scheduleservice/exception/GlobalExceptionHandler.java
2026.09.07 19:32:30 INFO  no build target found for /Users/maksym/Documents/Projects/school-management-system/backend/schedule-service/src/main/java/org/edziennik/scheduleservice/exception/GlobalExceptionHandler.java. Using fallback presentation compiler.
wrz 07, 2026 7:32:30 PM org.eclipse.lsp4j.jsonrpc.RemoteEndpoint handleCancellation
WARNING: Unmatched cancel notification for request id 24
2026.09.07 19:32:29 INFO  no build target found for /Users/maksym/Documents/Projects/school-management-system/backend/schedule-service/src/main/java/org/edziennik/scheduleservice/exception/GlobalExceptionHandler.java. Using fallback presentation compiler.
2026.09.07 19:32:30 INFO  no build target found for /Users/maksym/Documents/Projects/school-management-system/backend/schedule-service/src/main/java/org/edziennik/scheduleservice/exception/GlobalExceptionHandler.java. Using fallback presentation compiler.
2026.09.07 19:32:30 INFO  no build target found for /Users/maksym/Documents/Projects/school-management-system/backend/schedule-service/src/main/java/org/edziennik/scheduleservice/exception/GlobalExceptionHandler.java. Using fallback presentation compiler.
2026.09.07 19:32:33 INFO  no build target found for /Users/maksym/Documents/Projects/school-management-system/backend/schedule-service/src/main/java/org/edziennik/scheduleservice/exception/GlobalExceptionHandler.java. Using fallback presentation compiler.
2026.09.07 19:32:34 INFO  no build target found for /Users/maksym/Documents/Projects/school-management-system/backend/schedule-service/src/main/java/org/edziennik/scheduleservice/exception/GlobalExceptionHandler.java. Using fallback presentation compiler.
2026.09.07 19:32:35 INFO  no build target found for /Users/maksym/Documents/Projects/school-management-system/backend/schedule-service/src/main/java/org/edziennik/scheduleservice/exception/GlobalExceptionHandler.java. Using fallback presentation compiler.
2026.09.07 19:32:35 INFO  no build target found for /Users/maksym/Documents/Projects/school-management-system/backend/schedule-service/src/main/java/org/edziennik/scheduleservice/exception/GlobalExceptionHandler.java. Using fallback presentation compiler.
2026.09.07 19:32:37 INFO  no build target found for /Users/maksym/Documents/Projects/school-management-system/backend/schedule-service/src/main/java/org/edziennik/scheduleservice/exception/GlobalExceptionHandler.java. Using fallback presentation compiler.
2026.09.07 19:33:27 INFO  no build target found for /Users/maksym/Documents/Projects/school-management-system/backend/schedule-service/src/main/java/org/edziennik/scheduleservice/exception/GlobalExceptionHandler.java. Using fallback presentation compiler.
2026.09.07 19:33:27 INFO  no build target found for /Users/maksym/Documents/Projects/school-management-system/backend/schedule-service/src/main/java/org/edziennik/scheduleservice/schedule/repository/ScheduleRepository.java. Using fallback presentation compiler.
2026.09.07 19:33:27 WARN  no build target for: /Users/maksym/Documents/Projects/school-management-system/backend/schedule-service/src/main/java/org/edziennik/scheduleservice/schedule/repository/ScheduleRepository.java
2026.09.07 19:33:27 INFO  no build target found for /Users/maksym/Documents/Projects/school-management-system/backend/schedule-service/src/main/java/org/edziennik/scheduleservice/schedule/repository/ScheduleRepository.java. Using fallback presentation compiler.
2026.09.07 19:33:27 INFO  no build target found for /Users/maksym/Documents/Projects/school-management-system/backend/schedule-service/src/main/java/org/edziennik/scheduleservice/schedule/repository/ScheduleRepository.java. Using fallback presentation compiler.
wrz 07, 2026 7:33:27 PM org.eclipse.lsp4j.jsonrpc.RemoteEndpoint handleCancellation
WARNING: Unmatched cancel notification for request id 94
2026.09.07 19:33:27 INFO  no build target found for /Users/maksym/Documents/Projects/school-management-system/backend/schedule-service/src/main/java/org/edziennik/scheduleservice/schedule/repository/ScheduleRepository.java. Using fallback presentation compiler.
2026.09.07 19:33:47 INFO  no build target found for /Users/maksym/Documents/Projects/school-management-system/backend/schedule-service/src/main/java/org/edziennik/scheduleservice/schedule/repository/ScheduleRepository.java. Using fallback presentation compiler.
2026.09.08 12:33:02 WARN  no build target for: /Users/maksym/Documents/Projects/school-management-system/backend/teaching-service/src/main/java/org/edziennik/teachingservice/security/TeacherAccessService.java
2026.09.08 12:33:02 INFO  no build target found for /Users/maksym/Documents/Projects/school-management-system/backend/teaching-service/src/main/java/org/edziennik/teachingservice/security/TeacherAccessService.java. Using fallback presentation compiler.
2026.09.08 12:33:02 INFO  no build target found for /Users/maksym/Documents/Projects/school-management-system/backend/teaching-service/src/main/java/org/edziennik/teachingservice/security/TeacherAccessService.java. Using fallback presentation compiler.
2026.09.08 12:33:02 INFO  no build target found for /Users/maksym/Documents/Projects/school-management-system/backend/teaching-service/src/main/java/org/edziennik/teachingservice/security/TeacherAccessService.java. Using fallback presentation compiler.
2026.09.08 12:33:02 INFO  no build target found for /Users/maksym/Documents/Projects/school-management-system/backend/teaching-service/src/main/java/org/edziennik/teachingservice/security/TeacherAccessService.java. Using fallback presentation compiler.
2026.09.08 12:33:03 INFO  no build target found for /Users/maksym/Documents/Projects/school-management-system/backend/teaching-service/src/main/java/org/edziennik/teachingservice/security/TeacherAccessService.java. Using fallback presentation compiler.
2026.09.08 12:33:06 INFO  no build target found for /Users/maksym/Documents/Projects/school-management-system/backend/teaching-service/src/main/java/org/edziennik/teachingservice/security/TeacherAccessService.java. Using fallback presentation compiler.
2026.09.08 12:33:20 INFO  no build target found for /Users/maksym/Documents/Projects/school-management-system/backend/schedule-service/src/main/java/org/edziennik/scheduleservice/schedule/repository/ScheduleRepository.java. Using fallback presentation compiler.
2026.09.08 12:33:20 INFO  no build target found for /Users/maksym/Documents/Projects/school-management-system/backend/teaching-service/src/main/java/org/edziennik/teachingservice/security/TeacherAccessDeniedException.java. Using fallback presentation compiler.
2026.09.08 12:33:20 WARN  no build target for: /Users/maksym/Documents/Projects/school-management-system/backend/teaching-service/src/main/java/org/edziennik/teachingservice/security/TeacherAccessDeniedException.java
2026.09.08 12:33:20 INFO  no build target found for /Users/maksym/Documents/Projects/school-management-system/backend/teaching-service/src/main/java/org/edziennik/teachingservice/security/TeacherAccessDeniedException.java. Using fallback presentation compiler.
wrz 08, 2026 12:33:20 PM org.eclipse.lsp4j.jsonrpc.RemoteEndpoint handleCancellation
WARNING: Unmatched cancel notification for request id 191
2026.09.08 12:33:20 INFO  no build target found for /Users/maksym/Documents/Projects/school-management-system/backend/teaching-service/src/main/java/org/edziennik/teachingservice/security/TeacherAccessDeniedException.java. Using fallback presentation compiler.
2026.09.08 12:33:21 INFO  no build target found for /Users/maksym/Documents/Projects/school-management-system/backend/teaching-service/src/main/java/org/edziennik/teachingservice/security/TeacherAccessDeniedException.java. Using fallback presentation compiler.
2026.09.11 13:19:08 INFO  Shutting down server
2026.09.11 13:19:08 INFO  Memory monitor stopped
2026.09.11 13:19:08 INFO  shutting down Metals
2026.09.12 14:03:49 INFO  Started: Metals version 1.6.8 in folders '/Users/maksym/Documents/Projects/school-management-system' for client Visual Studio Code 1.134.0.
2026.09.12 14:03:49 INFO  Memory monitor started
2026.09.12 14:03:50 WARN  Using H2 2.4.240 which is newer than the version Flyway has been verified with. The latest verified version of H2 is 2.3.232.
2026.09.12 14:03:50 INFO  no build target found for /Users/maksym/Documents/Projects/school-management-system/backend/teaching-service/src/main/java/org/edziennik/teachingservice/security/TeacherAccessDeniedException.java. Using fallback presentation compiler.
2026.09.12 14:03:51 INFO  no build target found for /Users/maksym/Documents/Projects/school-management-system/backend/teaching-service/src/main/java/org/edziennik/teachingservice/security/TeacherAccessDeniedException.java. Using fallback presentation compiler.
2026.09.12 14:03:51 WARN  no build tool detected in workspace '/Users/maksym/Documents/Projects/school-management-system'. The most common cause for this problem is that the editor was opened in the wrong working directory, for example if you use sbt then the workspace directory should contain build.sbt. 
2026.09.12 14:03:52 WARN  Build server is not auto-connectable.
2026.09.12 14:03:52 WARN  no build target for: /Users/maksym/Documents/Projects/school-management-system/backend/teaching-service/src/main/java/org/edziennik/teachingservice/security/TeacherAccessDeniedException.java
2026.09.12 14:03:51 WARN  no build target for: /Users/maksym/Documents/Projects/school-management-system/backend/teaching-service/src/main/java/org/edziennik/teachingservice/security/TeacherAccessService.java
2026.09.12 14:03:52 INFO  no build target found for /Users/maksym/Documents/Projects/school-management-system/backend/teaching-service/src/main/java/org/edziennik/teachingservice/security/TeacherAccessDeniedException.java. Using fallback presentation compiler.
2026.09.12 14:03:52 INFO  no build target found for /Users/maksym/Documents/Projects/school-management-system/backend/teaching-service/src/main/java/org/edziennik/teachingservice/security/TeacherAccessDeniedException.java. Using fallback presentation compiler.
2026.09.12 14:04:46 INFO  no build target found for /Users/maksym/Documents/Projects/school-management-system/backend/teaching-service/src/main/java/org/edziennik/teachingservice/security/TeacherAccessDeniedException.java. Using fallback presentation compiler.
2026.09.12 14:04:46 WARN  no build target for: /Users/maksym/Documents/Projects/school-management-system/backend/grade-service/src/main/java/org/edziennik/gradeservice/grade/dto/GradeCategoryResponseDTO.java
2026.09.12 14:04:46 INFO  no build target found for /Users/maksym/Documents/Projects/school-management-system/backend/grade-service/src/main/java/org/edziennik/gradeservice/grade/dto/GradeCategoryResponseDTO.java. Using fallback presentation compiler.
2026.09.12 14:04:47 WARN  Running javac-semanticdb failed for file:///Users/maksym/Documents/Projects/school-management-system/backend/grade-service/src/main/java/org/edziennik/gradeservice/grade/dto/GradeCategoryResponseDTO.java. Output:

2026.09.12 14:04:47 INFO  no build target found for /Users/maksym/Documents/Projects/school-management-system/backend/grade-service/src/main/java/org/edziennik/gradeservice/grade/dto/GradeCategoryResponseDTO.java. Using fallback presentation compiler.
wrz 12, 2026 2:04:47 PM org.eclipse.lsp4j.jsonrpc.RemoteEndpoint handleCancellation
WARNING: Unmatched cancel notification for request id 11
2026.09.12 14:04:46 INFO  no build target found for /Users/maksym/Documents/Projects/school-management-system/backend/grade-service/src/main/java/org/edziennik/gradeservice/grade/dto/GradeCategoryResponseDTO.java. Using fallback presentation compiler.
2026.09.12 14:04:47 INFO  no build target found for /Users/maksym/Documents/Projects/school-management-system/backend/grade-service/src/main/java/org/edziennik/gradeservice/grade/dto/GradeCategoryResponseDTO.java. Using fallback presentation compiler.
wrz 12, 2026 2:05:05 PM org.eclipse.lsp4j.jsonrpc.services.GenericEndpoint notify
INFO: Unsupported notification method: $/setTrace
2026.09.12 14:05:05 INFO  no build target found for /Users/maksym/Documents/Projects/school-management-system/backend/grade-service/src/main/java/org/edziennik/gradeservice/grade/dto/GradeCategoryResponseDTO.java. Using fallback presentation compiler.
2026.09.12 14:06:46 INFO  no build target found for /Users/maksym/Documents/Projects/school-management-system/backend/teaching-service/src/main/java/org/edziennik/teachingservice/security/TeacherAccessService.java. Using fallback presentation compiler.
2026.09.12 14:08:22 WARN  no build target for: /Users/maksym/Documents/Projects/school-management-system/backend/grade-service/src/main/java/org/edziennik/gradeservice/grade/entity/GradeCategory.java
2026.09.12 14:08:22 WARN  no build target for: /Users/maksym/Documents/Projects/school-management-system/backend/grade-service/src/main/java/org/edziennik/gradeservice/grade/service/GradeService.java
2026.09.12 14:08:22 WARN  no build target for: /Users/maksym/Documents/Projects/school-management-system/backend/grade-service/src/main/java/org/edziennik/gradeservice/grade/controller/GradeController.java
2026.09.12 14:08:22 INFO  no build target found for /Users/maksym/Documents/Projects/school-management-system/backend/grade-service/src/main/java/org/edziennik/gradeservice/grade/dto/GradeCategoryResponseDTO.java. Using fallback presentation compiler.
2026.09.12 14:08:22 WARN  no build target for: /Users/maksym/Documents/Projects/school-management-system/backend/grade-service/src/main/java/org/edziennik/gradeservice/grade/mapper/GradeMapper.java
wrz 12, 2026 2:08:23 PM org.eclipse.lsp4j.jsonrpc.RemoteEndpoint handleCancellation
WARNING: Unmatched cancel notification for request id 27
2026.09.12 14:08:22 INFO  no build target found for /Users/maksym/Documents/Projects/school-management-system/backend/grade-service/src/main/java/org/edziennik/gradeservice/grade/dto/GradeCategoryResponseDTO.java. Using fallback presentation compiler.
2026.09.12 14:08:23 INFO  no build target found for /Users/maksym/Documents/Projects/school-management-system/backend/grade-service/src/main/java/org/edziennik/gradeservice/grade/dto/GradeCategoryResponseDTO.java. Using fallback presentation compiler.
2026.09.12 14:08:23 INFO  no build target found for /Users/maksym/Documents/Projects/school-management-system/backend/grade-service/src/main/java/org/edziennik/gradeservice/grade/dto/GradeCategoryResponseDTO.java. Using fallback presentation compiler.
2026.09.12 14:08:24 WARN  Running javac-semanticdb failed for file:///Users/maksym/Documents/Projects/school-management-system/backend/grade-service/src/main/java/org/edziennik/gradeservice/grade/mapper/GradeMapper.java. Output:

2026.09.12 14:08:29 WARN  no build target for: /Users/maksym/Documents/Projects/school-management-system/backend/grade-service/src/main/java/org/edziennik/gradeservice/grade/dto/GradeCategoryRequestDTO.java
2026.09.12 14:08:29 INFO  no build target found for /Users/maksym/Documents/Projects/school-management-system/backend/grade-service/src/main/java/org/edziennik/gradeservice/grade/dto/GradeCategoryResponseDTO.java. Using fallback presentation compiler.
2026.09.12 14:08:36 INFO  no build target found for /Users/maksym/Documents/Projects/school-management-system/backend/grade-service/src/main/java/org/edziennik/gradeservice/grade/dto/GradeCategoryResponseDTO.java. Using fallback presentation compiler.
2026.09.12 14:08:46 WARN  no build target for: /Users/maksym/Documents/Projects/school-management-system/backend/grade-service/src/main/java/org/edziennik/gradeservice/grade/dto/GradeResponseDTO.java
2026.09.12 14:08:46 INFO  no build target found for /Users/maksym/Documents/Projects/school-management-system/backend/grade-service/src/main/java/org/edziennik/gradeservice/grade/dto/GradeCategoryResponseDTO.java. Using fallback presentation compiler.
2026.09.12 14:08:55 INFO  no build target found for /Users/maksym/Documents/Projects/school-management-system/backend/grade-service/src/main/java/org/edziennik/gradeservice/grade/dto/GradeResponseDTO.java. Using fallback presentation compiler.
2026.09.12 14:08:56 INFO  no build target found for /Users/maksym/Documents/Projects/school-management-system/backend/grade-service/src/main/java/org/edziennik/gradeservice/grade/dto/GradeResponseDTO.java. Using fallback presentation compiler.
2026.09.12 14:08:56 INFO  no build target found for /Users/maksym/Documents/Projects/school-management-system/backend/grade-service/src/main/java/org/edziennik/gradeservice/grade/dto/GradeResponseDTO.java. Using fallback presentation compiler.
2026.09.12 14:08:56 INFO  no build target found for /Users/maksym/Documents/Projects/school-management-system/backend/grade-service/src/main/java/org/edziennik/gradeservice/grade/dto/GradeResponseDTO.java. Using fallback presentation compiler.
2026.09.12 14:09:02 WARN  no build target for: /Users/maksym/Documents/Projects/school-management-system/backend/grade-service/src/main/java/org/edziennik/gradeservice/grade/entity/Grade.java
2026.09.12 14:09:02 INFO  no build target found for /Users/maksym/Documents/Projects/school-management-system/backend/grade-service/src/main/java/org/edziennik/gradeservice/grade/dto/GradeCategoryResponseDTO.java. Using fallback presentation compiler.
2026.09.12 14:09:51 INFO  no build target found for /Users/maksym/Documents/Projects/school-management-system/backend/grade-service/src/main/java/org/edziennik/gradeservice/grade/dto/GradeCategoryResponseDTO.java. Using fallback presentation compiler.
2026.09.12 14:10:04 INFO  no build target found for /Users/maksym/Documents/Projects/school-management-system/backend/grade-service/src/main/java/org/edziennik/gradeservice/grade/controller/GradeController.java. Using fallback presentation compiler.
2026.09.12 14:10:04 INFO  Created report: Optional[file:///Users/maksym/Documents/Projects/school-management-system/backend/grade-service/src/main/java/org/edziennik/gradeservice/grade/controller/GradeController.java]
2026.09.12 14:10:05 INFO  no build target found for /Users/maksym/Documents/Projects/school-management-system/backend/grade-service/src/main/java/org/edziennik/gradeservice/grade/controller/GradeController.java. Using fallback presentation compiler.
2026.09.12 14:10:04 INFO  empty definition using pc, found symbol in pc: org/edziennik/gradeservice/grade/dto/GradeResponseDTO# (full report at: "/Users/maksym/Documents/Projects/school-management-system/.metals/.reports/metals-full/2026-09-12/r_empty-definition_14-10-05-057.md")
2026.09.12 14:10:04 INFO  no build target found for /Users/maksym/Documents/Projects/school-management-system/backend/grade-service/src/main/java/org/edziennik/gradeservice/grade/dto/GradeCategoryResponseDTO.java. Using fallback presentation compiler.
2026.09.12 14:10:04 INFO  Created report: Optional[file:///Users/maksym/Documents/Projects/school-management-system/backend/grade-service/src/main/java/org/edziennik/gradeservice/grade/dto/GradeCategoryResponseDTO.java]
2026.09.12 14:10:04 INFO  empty definition using pc, found symbol in pc: _empty_/GradeResponseDTO# (full report at: "/Users/maksym/Documents/Projects/school-management-system/.metals/.reports/metals-full/2026-09-12/r_empty-definition_14-10-05-173.md")
2026.09.12 14:10:05 INFO  no build target found for /Users/maksym/Documents/Projects/school-management-system/backend/grade-service/src/main/java/org/edziennik/gradeservice/grade/dto/GradeResponseDTO.java. Using fallback presentation compiler.
2026.09.12 14:10:11 INFO  no build target found for /Users/maksym/Documents/Projects/school-management-system/backend/grade-service/src/main/java/org/edziennik/gradeservice/grade/controller/GradeController.java. Using fallback presentation compiler.
2026.09.12 14:10:11 INFO  no build target found for /Users/maksym/Documents/Projects/school-management-system/backend/grade-service/src/main/java/org/edziennik/gradeservice/grade/controller/GradeController.java. Using fallback presentation compiler.
2026.09.12 14:10:22 INFO  no build target found for /Users/maksym/Documents/Projects/school-management-system/backend/grade-service/src/main/java/org/edziennik/gradeservice/grade/controller/GradeController.java. Using fallback presentation compiler.
2026.09.12 14:10:22 INFO  no build target found for /Users/maksym/Documents/Projects/school-management-system/backend/grade-service/src/main/java/org/edziennik/gradeservice/grade/dto/GradeCategoryRequestDTO.java. Using fallback presentation compiler.
2026.09.12 14:10:22 INFO  no build target found for /Users/maksym/Documents/Projects/school-management-system/backend/grade-service/src/main/java/org/edziennik/gradeservice/grade/dto/GradeCategoryResponseDTO.java. Using fallback presentation compiler.
2026.09.12 14:10:22 INFO  no build target found for /Users/maksym/Documents/Projects/school-management-system/backend/grade-service/src/main/java/org/edziennik/gradeservice/grade/dto/GradeResponseDTO.java. Using fallback presentation compiler.
2026.09.12 14:10:22 INFO  no build target found for /Users/maksym/Documents/Projects/school-management-system/backend/grade-service/src/main/java/org/edziennik/gradeservice/grade/entity/Grade.java. Using fallback presentation compiler.
2026.09.12 14:10:22 INFO  no build target found for /Users/maksym/Documents/Projects/school-management-system/backend/grade-service/src/main/java/org/edziennik/gradeservice/grade/entity/GradeCategory.java. Using fallback presentation compiler.
2026.09.12 14:10:22 INFO  no build target found for /Users/maksym/Documents/Projects/school-management-system/backend/grade-service/src/main/java/org/edziennik/gradeservice/grade/mapper/GradeMapper.java. Using fallback presentation compiler.
2026.09.12 14:10:22 INFO  no build target found for /Users/maksym/Documents/Projects/school-management-system/backend/grade-service/src/main/java/org/edziennik/gradeservice/grade/service/GradeService.java. Using fallback presentation compiler.
2026.09.12 14:10:30 INFO  no build target found for /Users/maksym/Documents/Projects/school-management-system/backend/grade-service/src/main/java/org/edziennik/gradeservice/grade/dto/GradeCategoryResponseDTO.java. Using fallback presentation compiler.
2026.09.12 14:11:22 INFO  no build target found for /Users/maksym/Documents/Projects/school-management-system/backend/grade-service/src/main/java/org/edziennik/gradeservice/grade/entity/GradeCategory.java. Using fallback presentation compiler.
2026.09.12 14:11:22 INFO  no build target found for /Users/maksym/Documents/Projects/school-management-system/backend/grade-service/src/main/java/org/edziennik/gradeservice/grade/service/GradeService.java. Using fallback presentation compiler.
2026.09.12 14:11:22 INFO  no build target found for /Users/maksym/Documents/Projects/school-management-system/backend/grade-service/src/main/java/org/edziennik/gradeservice/grade/controller/GradeController.java. Using fallback presentation compiler.
2026.09.12 14:11:22 INFO  no build target found for /Users/maksym/Documents/Projects/school-management-system/backend/grade-service/src/main/java/org/edziennik/gradeservice/grade/mapper/GradeMapper.java. Using fallback presentation compiler.
2026.09.12 14:11:29 INFO  no build target found for /Users/maksym/Documents/Projects/school-management-system/backend/grade-service/src/main/java/org/edziennik/gradeservice/grade/dto/GradeCategoryRequestDTO.java. Using fallback presentation compiler.
2026.09.12 14:11:46 INFO  no build target found for /Users/maksym/Documents/Projects/school-management-system/backend/grade-service/src/main/java/org/edziennik/gradeservice/grade/dto/GradeResponseDTO.java. Using fallback presentation compiler.
2026.09.12 14:12:02 INFO  no build target found for /Users/maksym/Documents/Projects/school-management-system/backend/grade-service/src/main/java/org/edziennik/gradeservice/grade/entity/Grade.java. Using fallback presentation compiler.
2026.09.12 14:19:12 INFO  no build target found for /Users/maksym/Documents/Projects/school-management-system/backend/grade-service/src/main/java/org/edziennik/gradeservice/grade/dto/GradeCategoryResponseDTO.java. Using fallback presentation compiler.
2026.09.12 14:19:13 INFO  no build target found for /Users/maksym/Documents/Projects/school-management-system/backend/grade-service/src/main/java/org/edziennik/gradeservice/grade/dto/GradeCategoryResponseDTO.java. Using fallback presentation compiler.
2026.09.12 15:38:01 INFO  no build target found for /Users/maksym/Documents/Projects/school-management-system/backend/grade-service/src/main/java/org/edziennik/gradeservice/grade/dto/GradeCategoryResponseDTO.java. Using fallback presentation compiler.
2026.09.12 16:06:44 INFO  no build target found for /Users/maksym/Documents/Projects/school-management-system/backend/grade-service/src/main/java/org/edziennik/gradeservice/grade/dto/GradeCategoryResponseDTO.java. Using fallback presentation compiler.
2026.09.12 16:26:41 INFO  no build target found for /Users/maksym/Documents/Projects/school-management-system/backend/grade-service/src/main/java/org/edziennik/gradeservice/grade/dto/GradeCategoryResponseDTO.java. Using fallback presentation compiler.
2026.09.12 16:26:41 INFO  no build target found for /Users/maksym/Documents/Projects/school-management-system/backend/teaching-service/src/main/java/org/edziennik/teachingservice/security/TeacherAccessService.java. Using fallback presentation compiler.
2026.09.12 16:26:41 WARN  no build target for: /Users/maksym/Documents/Projects/school-management-system/backend/teaching-service/src/main/java/org/edziennik/teachingservice/security/TeacherAccessService.java
2026.09.12 16:26:41 INFO  no build target found for /Users/maksym/Documents/Projects/school-management-system/backend/teaching-service/src/main/java/org/edziennik/teachingservice/security/TeacherAccessService.java. Using fallback presentation compiler.
wrz 12, 2026 4:26:41 PM org.eclipse.lsp4j.jsonrpc.RemoteEndpoint handleCancellation
WARNING: Unmatched cancel notification for request id 71
2026.09.12 16:26:41 INFO  no build target found for /Users/maksym/Documents/Projects/school-management-system/backend/teaching-service/src/main/java/org/edziennik/teachingservice/security/TeacherAccessService.java. Using fallback presentation compiler.
2026.09.12 16:26:41 INFO  no build target found for /Users/maksym/Documents/Projects/school-management-system/backend/teaching-service/src/main/java/org/edziennik/teachingservice/security/TeacherAccessService.java. Using fallback presentation compiler.
wrz 12, 2026 4:26:42 PM org.eclipse.lsp4j.jsonrpc.RemoteEndpoint handleCancellation
WARNING: Unmatched cancel notification for request id 76
2026.09.12 16:26:43 INFO  no build target found for /Users/maksym/Documents/Projects/school-management-system/backend/teaching-service/src/main/java/org/edziennik/teachingservice/security/TeacherAccessService.java. Using fallback presentation compiler.
2026.09.12 16:27:06 INFO  no build target found for /Users/maksym/Documents/Projects/school-management-system/backend/teaching-service/src/main/java/org/edziennik/teachingservice/security/TeacherAccessService.java. Using fallback presentation compiler.
2026.09.12 16:28:04 WARN  no build target for: /Users/maksym/Documents/Projects/school-management-system/backend/grade-service/src/main/java/org/edziennik/gradeservice/gradeCategory/repository/GradeCategoryRepository.java
2026.09.12 16:28:04 WARN  no build target for: /Users/maksym/Documents/Projects/school-management-system/backend/grade-service/src/main/java/org/edziennik/gradeservice/gradeCategory/controller/GradeCategoryController.java
2026.09.12 16:28:04 WARN  no build target for: /Users/maksym/Documents/Projects/school-management-system/backend/grade-service/src/main/java/org/edziennik/gradeservice/gradeCategory/service/GradeCategoryService.java
2026.09.12 16:28:04 WARN  no build target for: /Users/maksym/Documents/Projects/school-management-system/backend/grade-service/src/main/java/org/edziennik/gradeservice/gradeCategory/mapper/GradeCategoryMapper.java
2026.09.12 16:28:04 WARN  no build target for: /Users/maksym/Documents/Projects/school-management-system/backend/grade-service/src/main/java/org/edziennik/gradeservice/gradeCategory/dto/GradeCategoryRequestDTO.java
2026.09.12 16:28:04 WARN  no build target for: /Users/maksym/Documents/Projects/school-management-system/backend/grade-service/src/main/java/org/edziennik/gradeservice/gradeCategory/dto/GradeCategoryResponseDTO.java
2026.09.12 16:28:04 WARN  no build target for: /Users/maksym/Documents/Projects/school-management-system/backend/grade-service/src/main/java/org/edziennik/gradeservice/gradeCategory/entity/GradeCategory.java
2026.09.12 16:28:04 WARN  no build target for: /Users/maksym/Documents/Projects/school-management-system/backend/grade-service/src/main/java/org/edziennik/gradeservice/gradeCategory/exception/GradeCategoryNotFoundException.java
2026.09.12 16:28:04 INFO  no build target found for /Users/maksym/Documents/Projects/school-management-system/backend/teaching-service/src/main/java/org/edziennik/teachingservice/security/TeacherAccessService.java. Using fallback presentation compiler.
2026.09.12 16:28:04 INFO  no build target found for /Users/maksym/Documents/Projects/school-management-system/backend/teaching-service/src/main/java/org/edziennik/teachingservice/security/TeacherAccessService.java. Using fallback presentation compiler.
2026.09.12 16:28:08 WARN  no build target for: /Users/maksym/Documents/Projects/school-management-system/backend/grade-service/src/main/java/org/edziennik/gradeservice/grade/entity/Grade.java
2026.09.12 16:28:08 INFO  no build target found for /Users/maksym/Documents/Projects/school-management-system/backend/teaching-service/src/main/java/org/edziennik/teachingservice/security/TeacherAccessService.java. Using fallback presentation compiler.
2026.09.12 16:28:08 INFO  no build target found for /Users/maksym/Documents/Projects/school-management-system/backend/grade-service/src/main/java/org/edziennik/gradeservice/grade/entity/Grade.java. Using fallback presentation compiler.
2026.09.12 16:28:08 INFO  no build target found for /Users/maksym/Documents/Projects/school-management-system/backend/grade-service/src/main/java/org/edziennik/gradeservice/grade/entity/Grade.java. Using fallback presentation compiler.
2026.09.12 16:28:11 WARN  no build target for: /Users/maksym/Documents/Projects/school-management-system/backend/grade-service/src/main/java/org/edziennik/gradeservice/grade/entity/Grade.java
2026.09.12 16:28:11 INFO  no build target found for /Users/maksym/Documents/Projects/school-management-system/backend/teaching-service/src/main/java/org/edziennik/teachingservice/security/TeacherAccessService.java. Using fallback presentation compiler.
2026.09.12 16:28:15 WARN  no build target for: /Users/maksym/Documents/Projects/school-management-system/backend/grade-service/src/main/java/org/edziennik/gradeservice/grade/dto/GradeSummaryDTO.java
2026.09.12 16:28:15 WARN  no build target for: /Users/maksym/Documents/Projects/school-management-system/backend/grade-service/src/main/java/org/edziennik/gradeservice/grade/service/GradeService.java
2026.09.12 16:28:15 WARN  no build target for: /Users/maksym/Documents/Projects/school-management-system/backend/grade-service/src/main/java/org/edziennik/gradeservice/grade/repository/GradeRepository.java
2026.09.12 16:28:15 INFO  no build target found for /Users/maksym/Documents/Projects/school-management-system/backend/teaching-service/src/main/java/org/edziennik/teachingservice/security/TeacherAccessService.java. Using fallback presentation compiler.
2026.09.12 16:28:16 INFO  no build target found for /Users/maksym/Documents/Projects/school-management-system/backend/grade-service/src/main/java/org/edziennik/gradeservice/grade/service/GradeService.java. Using fallback presentation compiler.
2026.09.12 16:28:16 INFO  no build target found for /Users/maksym/Documents/Projects/school-management-system/backend/grade-service/src/main/java/org/edziennik/gradeservice/gradeCategory/controller/GradeCategoryController.java. Using fallback presentation compiler.
2026.09.12 16:28:16 INFO  Created report: Optional[file:///Users/maksym/Documents/Projects/school-management-system/backend/grade-service/src/main/java/org/edziennik/gradeservice/gradeCategory/controller/GradeCategoryController.java]
2026.09.12 16:28:16 INFO  empty definition using pc, found symbol in pc: org/edziennik/gradeservice/gradeCategory/service/GradeCategoryService# (full report at: "/Users/maksym/Documents/Projects/school-management-system/.metals/.reports/metals-full/2026-09-12/r_empty-definition_16-28-16-734.md")
2026.09.12 16:28:16 INFO  no build target found for /Users/maksym/Documents/Projects/school-management-system/backend/grade-service/src/main/java/org/edziennik/gradeservice/gradeCategory/service/GradeCategoryService.java. Using fallback presentation compiler.
2026.09.12 16:28:16 INFO  no build target found for /Users/maksym/Documents/Projects/school-management-system/backend/grade-service/src/main/java/org/edziennik/gradeservice/grade/service/GradeService.java. Using fallback presentation compiler.
2026.09.12 16:28:16 INFO  Created report: Optional[file:///Users/maksym/Documents/Projects/school-management-system/backend/grade-service/src/main/java/org/edziennik/gradeservice/grade/service/GradeService.java]
2026.09.12 16:28:16 INFO  empty definition using pc, found symbol in pc: org/edziennik/security/AuthenticatedUser# (full report at: "/Users/maksym/Documents/Projects/school-management-system/.metals/.reports/metals-full/2026-09-12/r_empty-definition_16-28-17-170.md")
2026.09.12 16:28:16 WARN  no build target for: /Users/maksym/Documents/Projects/school-management-system/backend/grade-service/src/main/java/org/edziennik/gradeservice/grade/controller/GradeController.java
2026.09.12 16:28:16 INFO  no build target found for /Users/maksym/Documents/Projects/school-management-system/backend/grade-service/src/main/java/org/edziennik/gradeservice/grade/controller/GradeController.java. Using fallback presentation compiler.
2026.09.12 16:28:17 INFO  no build target found for /Users/maksym/Documents/Projects/school-management-system/backend/teaching-service/src/main/java/org/edziennik/teachingservice/security/TeacherAccessService.java. Using fallback presentation compiler.
2026.09.12 16:28:16 INFO  Created report: Optional[file:///Users/maksym/Documents/Projects/school-management-system/backend/grade-service/src/main/java/org/edziennik/gradeservice/grade/controller/GradeController.java]
2026.09.12 16:28:16 INFO  empty definition using pc, found symbol in pc: org/edziennik/security/AuthenticatedUser# (full report at: "/Users/maksym/Documents/Projects/school-management-system/.metals/.reports/metals-full/2026-09-12/r_empty-definition_16-28-17-296.md")
2026.09.12 16:28:17 INFO  no build target found for /Users/maksym/Documents/Projects/school-management-system/backend/grade-service/src/main/java/org/edziennik/gradeservice/grade/controller/GradeController.java. Using fallback presentation compiler.
2026.09.12 16:28:16 INFO  no build target found for /Users/maksym/Documents/Projects/school-management-system/backend/grade-service/src/main/java/org/edziennik/gradeservice/gradeCategory/controller/GradeCategoryController.java. Using fallback presentation compiler.
2026.09.12 16:28:16 INFO  Created report: Optional[file:///Users/maksym/Documents/Projects/school-management-system/backend/grade-service/src/main/java/org/edziennik/gradeservice/gradeCategory/controller/GradeCategoryController.java]
2026.09.12 16:28:16 INFO  empty definition using pc, found symbol in pc: org/edziennik/security/AuthenticatedUser# (full report at: "/Users/maksym/Documents/Projects/school-management-system/.metals/.reports/metals-full/2026-09-12/r_empty-definition_16-28-17-327.md")
2026.09.12 16:28:16 INFO  no build target found for /Users/maksym/Documents/Projects/school-management-system/backend/grade-service/src/main/java/org/edziennik/gradeservice/gradeCategory/service/GradeCategoryService.java. Using fallback presentation compiler.
2026.09.12 16:28:16 INFO  Created report: Optional[file:///Users/maksym/Documents/Projects/school-management-system/backend/grade-service/src/main/java/org/edziennik/gradeservice/gradeCategory/service/GradeCategoryService.java]
2026.09.12 16:28:16 INFO  empty definition using pc, found symbol in pc: org/edziennik/security/AuthenticatedUser# (full report at: "/Users/maksym/Documents/Projects/school-management-system/.metals/.reports/metals-full/2026-09-12/r_empty-definition_16-28-17-364.md")
2026.09.12 16:28:16 INFO  no build target found for /Users/maksym/Documents/Projects/school-management-system/backend/teaching-service/src/main/java/org/edziennik/teachingservice/security/TeacherAccessService.java. Using fallback presentation compiler.
2026.09.12 16:28:16 INFO  Created report: Optional[file:///Users/maksym/Documents/Projects/school-management-system/backend/teaching-service/src/main/java/org/edziennik/teachingservice/security/TeacherAccessService.java]
2026.09.12 16:28:16 INFO  empty definition using pc, found symbol in pc: org/edziennik/security/AuthenticatedUser# (full report at: "/Users/maksym/Documents/Projects/school-management-system/.metals/.reports/metals-full/2026-09-12/r_empty-definition_16-28-17-383.md")
2026.09.12 16:28:19 WARN  no build target for: /Users/maksym/Documents/Projects/school-management-system/backend/grade-service/src/main/java/org/edziennik/gradeservice/grade/controller/GradeController.java
2026.09.12 16:28:19 WARN  no build target for: /Users/maksym/Documents/Projects/school-management-system/backend/grade-service/src/main/java/org/edziennik/gradeservice/grade/dto/GradeRequestDTO.java
2026.09.12 16:28:19 WARN  no build target for: /Users/maksym/Documents/Projects/school-management-system/backend/grade-service/src/main/java/org/edziennik/gradeservice/grade/mapper/GradeMapper.java
2026.09.12 16:28:19 WARN  no build target for: /Users/maksym/Documents/Projects/school-management-system/backend/grade-service/src/main/java/org/edziennik/gradeservice/security/TeacherAccessService.java
2026.09.12 16:28:19 INFO  no build target found for /Users/maksym/Documents/Projects/school-management-system/backend/teaching-service/src/main/java/org/edziennik/teachingservice/security/TeacherAccessService.java. Using fallback presentation compiler.
wrz 12, 2026 4:28:30 PM org.eclipse.lsp4j.jsonrpc.services.GenericEndpoint notify
INFO: Unsupported notification method: $/setTrace
2026.09.12 16:28:30 INFO  no build target found for /Users/maksym/Documents/Projects/school-management-system/backend/teaching-service/src/main/java/org/edziennik/teachingservice/security/TeacherAccessService.java. Using fallback presentation compiler.
2026.09.12 16:28:43 INFO  no build target found for /Users/maksym/Documents/Projects/school-management-system/backend/grade-service/src/main/java/org/edziennik/gradeservice/gradeCategory/controller/GradeCategoryController.java. Using fallback presentation compiler.
2026.09.12 16:28:43 INFO  empty definition using pc, found symbol in pc: org/edziennik/gradeservice/gradeCategory/service/GradeCategoryService# (full report at: "/Users/maksym/Documents/Projects/school-management-system/.metals/.reports/metals-full/2026-09-12/r_empty-definition_16-28-16-734.md")
2026.09.12 16:28:43 INFO  no build target found for /Users/maksym/Documents/Projects/school-management-system/backend/grade-service/src/main/java/org/edziennik/gradeservice/gradeCategory/service/GradeCategoryService.java. Using fallback presentation compiler.
2026.09.12 16:28:43 INFO  no build target found for /Users/maksym/Documents/Projects/school-management-system/backend/grade-service/src/main/java/org/edziennik/gradeservice/grade/mapper/GradeMapper.java. Using fallback presentation compiler.
2026.09.12 16:28:43 INFO  no build target found for /Users/maksym/Documents/Projects/school-management-system/backend/grade-service/src/main/java/org/edziennik/gradeservice/grade/repository/GradeRepository.java. Using fallback presentation compiler.
2026.09.12 16:28:46 WARN  no build target for: /Users/maksym/Documents/Projects/school-management-system/backend/grade-service/src/main/java/org/edziennik/gradeservice/grade/exception/GradeNotFoundException.java
2026.09.12 16:28:46 INFO  no build target found for /Users/maksym/Documents/Projects/school-management-system/backend/teaching-service/src/main/java/org/edziennik/teachingservice/security/TeacherAccessService.java. Using fallback presentation compiler.
2026.09.12 16:28:50 INFO  no build target found for /Users/maksym/Documents/Projects/school-management-system/backend/grade-service/src/main/java/org/edziennik/gradeservice/gradeCategory/controller/GradeCategoryController.java. Using fallback presentation compiler.
2026.09.12 16:28:50 INFO  empty definition using pc, found symbol in pc: org/edziennik/gradeservice/gradeCategory/service/GradeCategoryService# (full report at: "/Users/maksym/Documents/Projects/school-management-system/.metals/.reports/metals-full/2026-09-12/r_empty-definition_16-28-16-734.md")
2026.09.12 16:28:50 INFO  no build target found for /Users/maksym/Documents/Projects/school-management-system/backend/grade-service/src/main/java/org/edziennik/gradeservice/gradeCategory/service/GradeCategoryService.java. Using fallback presentation compiler.
2026.09.12 16:28:50 INFO  no build target found for /Users/maksym/Documents/Projects/school-management-system/backend/grade-service/src/main/java/org/edziennik/gradeservice/grade/service/GradeService.java. Using fallback presentation compiler.
2026.09.12 16:28:51 INFO  no build target found for /Users/maksym/Documents/Projects/school-management-system/backend/grade-service/src/main/java/org/edziennik/gradeservice/grade/mapper/GradeMapper.java. Using fallback presentation compiler.
2026.09.12 16:29:01 INFO  no build target found for /Users/maksym/Documents/Projects/school-management-system/backend/grade-service/src/main/java/org/edziennik/gradeservice/gradeCategory/service/GradeCategoryService.java. Using fallback presentation compiler.
2026.09.12 16:29:01 INFO  no build target found for /Users/maksym/Documents/Projects/school-management-system/backend/grade-service/src/main/java/org/edziennik/gradeservice/gradeCategory/mapper/GradeCategoryMapper.java. Using fallback presentation compiler.
2026.09.12 16:29:01 INFO  no build target found for /Users/maksym/Documents/Projects/school-management-system/backend/grade-service/src/main/java/org/edziennik/gradeservice/grade/mapper/GradeMapper.java. Using fallback presentation compiler.
2026.09.12 16:29:01 INFO  no build target found for /Users/maksym/Documents/Projects/school-management-system/backend/grade-service/src/main/java/org/edziennik/gradeservice/grade/service/GradeService.java. Using fallback presentation compiler.
2026.09.12 16:29:01 WARN  no build target for: /Users/maksym/Documents/Projects/school-management-system/backend/grade-service/src/main/java/org/edziennik/gradeservice/gradeCategory/service/GradeCategoryService.java
2026.09.12 16:29:01 INFO  no build target found for /Users/maksym/Documents/Projects/school-management-system/backend/teaching-service/src/main/java/org/edziennik/teachingservice/security/TeacherAccessService.java. Using fallback presentation compiler.
2026.09.12 16:29:01 WARN  no build target for: /Users/maksym/Documents/Projects/school-management-system/backend/grade-service/src/main/java/org/edziennik/gradeservice/gradeCategory/mapper/GradeCategoryMapper.java
2026.09.12 16:29:01 WARN  no build target for: /Users/maksym/Documents/Projects/school-management-system/backend/grade-service/src/main/java/org/edziennik/gradeservice/grade/service/GradeService.java
2026.09.12 16:29:01 WARN  no build target for: /Users/maksym/Documents/Projects/school-management-system/backend/grade-service/src/main/java/org/edziennik/gradeservice/grade/mapper/GradeMapper.java
2026.09.12 16:29:01 INFO  no build target found for /Users/maksym/Documents/Projects/school-management-system/backend/teaching-service/src/main/java/org/edziennik/teachingservice/security/TeacherAccessService.java. Using fallback presentation compiler.
2026.09.12 16:29:01 INFO  no build target found for /Users/maksym/Documents/Projects/school-management-system/backend/teaching-service/src/main/java/org/edziennik/teachingservice/security/TeacherAccessService.java. Using fallback presentation compiler.
2026.09.12 16:29:16 INFO  no build target found for /Users/maksym/Documents/Projects/school-management-system/backend/grade-service/src/main/java/org/edziennik/gradeservice/grade/entity/Grade.java. Using fallback presentation compiler.
2026.09.12 16:29:16 INFO  no build target found for /Users/maksym/Documents/Projects/school-management-system/backend/grade-service/src/main/java/org/edziennik/gradeservice/grade/controller/GradeController.java. Using fallback presentation compiler.
2026.09.12 16:29:16 INFO  Created report: Optional[file:///Users/maksym/Documents/Projects/school-management-system/backend/grade-service/src/main/java/org/edziennik/gradeservice/grade/entity/Grade.java]
2026.09.12 16:29:16 INFO  empty definition using pc, found symbol in pc: org/edziennik/gradeservice/gradeCategory/entity/GradeCategory# (full report at: "/Users/maksym/Documents/Projects/school-management-system/.metals/.reports/metals-full/2026-09-12/r_empty-definition_16-29-16-928.md")
2026.09.12 16:29:16 INFO  no build target found for /Users/maksym/Documents/Projects/school-management-system/backend/grade-service/src/main/java/org/edziennik/gradeservice/grade/mapper/GradeMapper.java. Using fallback presentation compiler.
2026.09.12 16:29:16 INFO  Created report: Optional[file:///Users/maksym/Documents/Projects/school-management-system/backend/grade-service/src/main/java/org/edziennik/gradeservice/grade/controller/GradeController.java]
2026.09.12 16:29:16 INFO  empty definition using pc, found symbol in pc: org/edziennik/gradeservice/grade/service/GradeService# (full report at: "/Users/maksym/Documents/Projects/school-management-system/.metals/.reports/metals-full/2026-09-12/r_empty-definition_16-29-16-948.md")
2026.09.12 16:29:16 INFO  no build target found for /Users/maksym/Documents/Projects/school-management-system/backend/grade-service/src/main/java/org/edziennik/gradeservice/grade/service/GradeService.java. Using fallback presentation compiler.
2026.09.12 16:29:16 INFO  Created report: Optional[file:///Users/maksym/Documents/Projects/school-management-system/backend/grade-service/src/main/java/org/edziennik/gradeservice/grade/mapper/GradeMapper.java]
2026.09.12 16:29:16 INFO  empty definition using pc, found symbol in pc: org/edziennik/gradeservice/gradeCategory/entity/GradeCategory# (full report at: "/Users/maksym/Documents/Projects/school-management-system/.metals/.reports/metals-full/2026-09-12/r_empty-definition_16-29-16-974.md")
2026.09.12 16:29:16 INFO  no build target found for /Users/maksym/Documents/Projects/school-management-system/backend/grade-service/src/main/java/org/edziennik/gradeservice/gradeCategory/entity/GradeCategory.java. Using fallback presentation compiler.
2026.09.12 16:29:18 INFO  no build target found for /Users/maksym/Documents/Projects/school-management-system/backend/grade-service/src/main/java/org/edziennik/gradeservice/grade/service/GradeService.java. Using fallback presentation compiler.
2026.09.12 16:29:18 WARN  no build target for: /Users/maksym/Documents/Projects/school-management-system/backend/grade-service/src/main/java/org/edziennik/gradeservice/grade/service/GradeService.java
2026.09.12 16:29:18 INFO  no build target found for /Users/maksym/Documents/Projects/school-management-system/backend/teaching-service/src/main/java/org/edziennik/teachingservice/security/TeacherAccessService.java. Using fallback presentation compiler.
2026.09.12 16:30:00 INFO  no build target found for /Users/maksym/Documents/Projects/school-management-system/backend/grade-service/src/main/java/org/edziennik/gradeservice/grade/service/GradeService.java. Using fallback presentation compiler.
2026.09.12 16:30:01 INFO  no build target found for /Users/maksym/Documents/Projects/school-management-system/backend/grade-service/src/main/java/org/edziennik/gradeservice/security/TeacherAccessService.java. Using fallback presentation compiler.
2026.09.12 16:30:00 INFO  Created report: Optional[file:///Users/maksym/Documents/Projects/school-management-system/backend/grade-service/src/main/java/org/edziennik/gradeservice/security/TeacherAccessService.java]
2026.09.12 16:30:00 INFO  empty definition using pc, found symbol in pc: _empty_/SchoolStructureGrpcClient#getTeachingAssignmentIdsByTeacher# (full report at: "/Users/maksym/Documents/Projects/school-management-system/.metals/.reports/metals-full/2026-09-12/r_empty-definition_16-30-01-064.md")
2026.09.12 16:30:01 INFO  Created report: Optional[file:///Users/maksym/Documents/Projects/school-management-system/backend/grade-service/src/main/java/org/edziennik/gradeservice/grade/service/GradeService.java]
2026.09.12 16:30:01 INFO  empty definition using pc, found symbol in pc: org/edziennik/gradeservice/security/TeacherAccessService# (full report at: "/Users/maksym/Documents/Projects/school-management-system/.metals/.reports/metals-full/2026-09-12/r_empty-definition_16-30-01-066.md")
2026.09.12 16:30:01 INFO  no build target found for /Users/maksym/Documents/Projects/school-management-system/backend/teaching-service/src/main/java/org/edziennik/teachingservice/security/TeacherAccessService.java. Using fallback presentation compiler.
2026.09.12 16:30:01 INFO  no build target found for /Users/maksym/Documents/Projects/school-management-system/backend/grade-service/src/main/java/org/edziennik/gradeservice/gradeCategory/service/GradeCategoryService.java. Using fallback presentation compiler.
2026.09.12 16:30:01 INFO  Created report: Optional[file:///Users/maksym/Documents/Projects/school-management-system/backend/teaching-service/src/main/java/org/edziennik/teachingservice/security/TeacherAccessService.java]
2026.09.12 16:30:01 INFO  empty definition using pc, found symbol in pc: _empty_/SchoolStructureGrpcClient#getTeachingAssignmentIdsByTeacher# (full report at: "/Users/maksym/Documents/Projects/school-management-system/.metals/.reports/metals-full/2026-09-12/r_empty-definition_16-30-01-095.md")
2026.09.12 16:30:01 INFO  Created report: Optional[file:///Users/maksym/Documents/Projects/school-management-system/backend/grade-service/src/main/java/org/edziennik/gradeservice/gradeCategory/service/GradeCategoryService.java]
2026.09.12 16:30:01 INFO  empty definition using pc, found symbol in pc: org/edziennik/gradeservice/security/TeacherAccessService# (full report at: "/Users/maksym/Documents/Projects/school-management-system/.metals/.reports/metals-full/2026-09-12/r_empty-definition_16-30-01-128.md")
2026.09.12 16:30:01 INFO  no build target found for /Users/maksym/Documents/Projects/school-management-system/backend/grade-service/src/main/java/org/edziennik/gradeservice/security/TeacherAccessService.java. Using fallback presentation compiler.
2026.09.12 16:30:03 WARN  no build target for: /Users/maksym/Documents/Projects/school-management-system/backend/grade-service/src/main/java/org/edziennik/gradeservice/grpc/SchoolStructureGrpcClient.java
2026.09.12 16:30:03 INFO  no build target found for /Users/maksym/Documents/Projects/school-management-system/backend/teaching-service/src/main/java/org/edziennik/teachingservice/security/TeacherAccessService.java. Using fallback presentation compiler.
2026.09.12 16:30:13 WARN  no build target for: /Users/maksym/Documents/Projects/school-management-system/backend/school-structure-service/src/main/java/org/edziennik/schoolstructureservice/grpc/SchoolStructureGrpcService.java
2026.09.12 16:30:13 WARN  no build target for: /Users/maksym/Documents/Projects/school-management-system/backend/teaching-service/src/main/java/org/edziennik/teachingservice/grpc/SchoolStructureGrpcClient.java
2026.09.12 16:30:13 INFO  no build target found for /Users/maksym/Documents/Projects/school-management-system/backend/teaching-service/src/main/java/org/edziennik/teachingservice/security/TeacherAccessService.java. Using fallback presentation compiler.
2026.09.12 16:30:16 INFO  no build target found for /Users/maksym/Documents/Projects/school-management-system/backend/grade-service/src/main/java/org/edziennik/gradeservice/grpc/SchoolStructureGrpcClient.java. Using fallback presentation compiler.
2026.09.12 16:30:16 WARN  no build target for: /Users/maksym/Documents/Projects/school-management-system/backend/grade-service/src/main/java/org/edziennik/gradeservice/grpc/SchoolStructureGrpcClient.java
2026.09.12 16:30:16 INFO  no build target found for /Users/maksym/Documents/Projects/school-management-system/backend/teaching-service/src/main/java/org/edziennik/teachingservice/security/TeacherAccessService.java. Using fallback presentation compiler.
2026.09.12 16:30:46 INFO  no build target found for /Users/maksym/Documents/Projects/school-management-system/backend/grade-service/src/main/java/org/edziennik/gradeservice/grade/controller/GradeController.java. Using fallback presentation compiler.
2026.09.12 16:30:46 INFO  no build target found for /Users/maksym/Documents/Projects/school-management-system/backend/grade-service/src/main/java/org/edziennik/gradeservice/grade/controller/GradeController.java. Using fallback presentation compiler.
2026.09.12 16:30:46 INFO  no build target found for /Users/maksym/Documents/Projects/school-management-system/backend/grade-service/src/main/java/org/edziennik/gradeservice/grade/entity/Grade.java. Using fallback presentation compiler.
2026.09.12 16:30:46 INFO  no build target found for /Users/maksym/Documents/Projects/school-management-system/backend/grade-service/src/main/java/org/edziennik/gradeservice/grade/entity/Grade.java. Using fallback presentation compiler.
2026.09.12 16:30:46 INFO  no build target found for /Users/maksym/Documents/Projects/school-management-system/backend/grade-service/src/main/java/org/edziennik/gradeservice/grade/mapper/GradeMapper.java. Using fallback presentation compiler.
2026.09.12 16:30:46 INFO  empty definition using pc, found symbol in pc: org/edziennik/gradeservice/gradeCategory/entity/GradeCategory# (full report at: "/Users/maksym/Documents/Projects/school-management-system/.metals/.reports/metals-full/2026-09-12/r_empty-definition_16-29-16-928.md")
2026.09.12 16:30:46 INFO  no build target found for /Users/maksym/Documents/Projects/school-management-system/backend/grade-service/src/main/java/org/edziennik/gradeservice/grade/mapper/GradeMapper.java. Using fallback presentation compiler.
2026.09.12 16:30:46 INFO  no build target found for /Users/maksym/Documents/Projects/school-management-system/backend/grade-service/src/main/java/org/edziennik/gradeservice/grade/entity/Grade.java. Using fallback presentation compiler.
2026.09.12 16:30:46 INFO  empty definition using pc, found symbol in pc: org/edziennik/gradeservice/gradeCategory/entity/GradeCategory# (full report at: "/Users/maksym/Documents/Projects/school-management-system/.metals/.reports/metals-full/2026-09-12/r_empty-definition_16-29-16-974.md")
2026.09.12 16:30:46 INFO  no build target found for /Users/maksym/Documents/Projects/school-management-system/backend/grade-service/src/main/java/org/edziennik/gradeservice/grade/service/GradeService.java. Using fallback presentation compiler.
2026.09.12 16:30:46 INFO  no build target found for /Users/maksym/Documents/Projects/school-management-system/backend/grade-service/src/main/java/org/edziennik/gradeservice/grade/service/GradeService.java. Using fallback presentation compiler.
2026.09.12 16:30:46 INFO  no build target found for /Users/maksym/Documents/Projects/school-management-system/backend/grade-service/src/main/java/org/edziennik/gradeservice/grade/mapper/GradeMapper.java. Using fallback presentation compiler.
2026.09.12 16:30:46 INFO  no build target found for /Users/maksym/Documents/Projects/school-management-system/backend/grade-service/src/main/java/org/edziennik/gradeservice/grade/service/GradeService.java. Using fallback presentation compiler.
2026.09.12 16:30:46 INFO  no build target found for /Users/maksym/Documents/Projects/school-management-system/backend/grade-service/src/main/java/org/edziennik/gradeservice/gradeCategory/controller/GradeCategoryController.java. Using fallback presentation compiler.
2026.09.12 16:30:46 INFO  Created report: Optional[file:///Users/maksym/Documents/Projects/school-management-system/backend/grade-service/src/main/java/org/edziennik/gradeservice/grade/service/GradeService.java]
2026.09.12 16:30:46 INFO  empty definition using pc, found symbol in pc: org/edziennik/gradeservice/gradeCategory/entity/GradeCategory# (full report at: "/Users/maksym/Documents/Projects/school-management-system/.metals/.reports/metals-full/2026-09-12/r_empty-definition_16-30-46-647.md")
2026.09.12 16:30:46 INFO  no build target found for /Users/maksym/Documents/Projects/school-management-system/backend/grade-service/src/main/java/org/edziennik/gradeservice/gradeCategory/entity/GradeCategory.java. Using fallback presentation compiler.
2026.09.12 16:30:46 INFO  no build target found for /Users/maksym/Documents/Projects/school-management-system/backend/grade-service/src/main/java/org/edziennik/gradeservice/gradeCategory/controller/GradeCategoryController.java. Using fallback presentation compiler.
2026.09.12 16:30:46 INFO  no build target found for /Users/maksym/Documents/Projects/school-management-system/backend/grade-service/src/main/java/org/edziennik/gradeservice/gradeCategory/dto/GradeCategoryRequestDTO.java. Using fallback presentation compiler.
2026.09.12 16:30:46 INFO  no build target found for /Users/maksym/Documents/Projects/school-management-system/backend/grade-service/src/main/java/org/edziennik/gradeservice/gradeCategory/dto/GradeCategoryRequestDTO.java. Using fallback presentation compiler.
2026.09.12 16:30:46 INFO  no build target found for /Users/maksym/Documents/Projects/school-management-system/backend/grade-service/src/main/java/org/edziennik/gradeservice/gradeCategory/dto/GradeCategoryResponseDTO.java. Using fallback presentation compiler.
2026.09.12 16:30:46 INFO  no build target found for /Users/maksym/Documents/Projects/school-management-system/backend/grade-service/src/main/java/org/edziennik/gradeservice/gradeCategory/dto/GradeCategoryResponseDTO.java. Using fallback presentation compiler.
2026.09.12 16:30:46 INFO  no build target found for /Users/maksym/Documents/Projects/school-management-system/backend/grade-service/src/main/java/org/edziennik/gradeservice/gradeCategory/entity/GradeCategory.java. Using fallback presentation compiler.
2026.09.12 16:30:46 INFO  no build target found for /Users/maksym/Documents/Projects/school-management-system/backend/grade-service/src/main/java/org/edziennik/gradeservice/gradeCategory/entity/GradeCategory.java. Using fallback presentation compiler.
2026.09.12 16:30:46 INFO  no build target found for /Users/maksym/Documents/Projects/school-management-system/backend/grade-service/src/main/java/org/edziennik/gradeservice/gradeCategory/exception/GradeCategoryNotFoundException.java. Using fallback presentation compiler.
2026.09.12 16:30:46 INFO  no build target found for /Users/maksym/Documents/Projects/school-management-system/backend/grade-service/src/main/java/org/edziennik/gradeservice/gradeCategory/exception/GradeCategoryNotFoundException.java. Using fallback presentation compiler.
2026.09.12 16:30:48 INFO  no build target found for /Users/maksym/Documents/Projects/school-management-system/backend/grade-service/src/main/java/org/edziennik/gradeservice/grade/service/GradeService.java. Using fallback presentation compiler.
2026.09.12 16:30:48 WARN  no build target for: /Users/maksym/Documents/Projects/school-management-system/backend/grade-service/src/main/java/org/edziennik/gradeservice/grade/service/GradeService.java
2026.09.12 16:30:48 INFO  no build target found for /Users/maksym/Documents/Projects/school-management-system/backend/teaching-service/src/main/java/org/edziennik/teachingservice/security/TeacherAccessService.java. Using fallback presentation compiler.
2026.09.12 16:31:04 INFO  no build target found for /Users/maksym/Documents/Projects/school-management-system/backend/grade-service/src/main/java/org/edziennik/gradeservice/gradeCategory/repository/GradeCategoryRepository.java. Using fallback presentation compiler.
2026.09.12 16:31:04 INFO  no build target found for /Users/maksym/Documents/Projects/school-management-system/backend/grade-service/src/main/java/org/edziennik/gradeservice/gradeCategory/controller/GradeCategoryController.java. Using fallback presentation compiler.
2026.09.12 16:31:04 INFO  no build target found for /Users/maksym/Documents/Projects/school-management-system/backend/grade-service/src/main/java/org/edziennik/gradeservice/gradeCategory/dto/GradeCategoryRequestDTO.java. Using fallback presentation compiler.
2026.09.12 16:31:04 INFO  no build target found for /Users/maksym/Documents/Projects/school-management-system/backend/grade-service/src/main/java/org/edziennik/gradeservice/gradeCategory/dto/GradeCategoryResponseDTO.java. Using fallback presentation compiler.
2026.09.12 16:31:04 INFO  no build target found for /Users/maksym/Documents/Projects/school-management-system/backend/grade-service/src/main/java/org/edziennik/gradeservice/gradeCategory/entity/GradeCategory.java. Using fallback presentation compiler.
2026.09.12 16:31:04 INFO  no build target found for /Users/maksym/Documents/Projects/school-management-system/backend/grade-service/src/main/java/org/edziennik/gradeservice/gradeCategory/exception/GradeCategoryNotFoundException.java. Using fallback presentation compiler.
2026.09.12 16:31:11 INFO  no build target found for /Users/maksym/Documents/Projects/school-management-system/backend/grade-service/src/main/java/org/edziennik/gradeservice/grade/entity/Grade.java. Using fallback presentation compiler.
2026.09.12 16:31:15 INFO  no build target found for /Users/maksym/Documents/Projects/school-management-system/backend/grade-service/src/main/java/org/edziennik/gradeservice/grade/dto/GradeSummaryDTO.java. Using fallback presentation compiler.
2026.09.12 16:31:15 INFO  no build target found for /Users/maksym/Documents/Projects/school-management-system/backend/grade-service/src/main/java/org/edziennik/gradeservice/grade/repository/GradeRepository.java. Using fallback presentation compiler.
2026.09.12 16:31:17 INFO  no build target found for /Users/maksym/Documents/Projects/school-management-system/backend/grade-service/src/main/java/org/edziennik/gradeservice/gradeCategory/service/GradeCategoryService.java. Using fallback presentation compiler.
2026.09.12 16:31:17 WARN  no build target for: /Users/maksym/Documents/Projects/school-management-system/backend/grade-service/src/main/java/org/edziennik/gradeservice/gradeCategory/service/GradeCategoryService.java
2026.09.12 16:31:17 INFO  no build target found for /Users/maksym/Documents/Projects/school-management-system/backend/teaching-service/src/main/java/org/edziennik/teachingservice/security/TeacherAccessService.java. Using fallback presentation compiler.
2026.09.12 16:31:19 INFO  no build target found for /Users/maksym/Documents/Projects/school-management-system/backend/grade-service/src/main/java/org/edziennik/gradeservice/grade/controller/GradeController.java. Using fallback presentation compiler.
2026.09.12 16:31:19 INFO  no build target found for /Users/maksym/Documents/Projects/school-management-system/backend/grade-service/src/main/java/org/edziennik/gradeservice/grade/dto/GradeRequestDTO.java. Using fallback presentation compiler.
2026.09.12 16:31:19 INFO  no build target found for /Users/maksym/Documents/Projects/school-management-system/backend/grade-service/src/main/java/org/edziennik/gradeservice/security/TeacherAccessService.java. Using fallback presentation compiler.
2026.09.12 16:31:46 INFO  no build target found for /Users/maksym/Documents/Projects/school-management-system/backend/grade-service/src/main/java/org/edziennik/gradeservice/grade/exception/GradeNotFoundException.java. Using fallback presentation compiler.
2026.09.12 16:32:22 INFO  no build target found for /Users/maksym/Documents/Projects/school-management-system/backend/grade-service/src/main/java/org/edziennik/gradeservice/grade/mapper/GradeMapper.java. Using fallback presentation compiler.
2026.09.12 16:32:24 INFO  no build target found for /Users/maksym/Documents/Projects/school-management-system/backend/grade-service/src/main/java/org/edziennik/gradeservice/grade/mapper/GradeMapper.java. Using fallback presentation compiler.
2026.09.12 16:32:24 WARN  no build target for: /Users/maksym/Documents/Projects/school-management-system/backend/grade-service/src/main/java/org/edziennik/gradeservice/grade/mapper/GradeMapper.java
2026.09.12 16:32:24 INFO  no build target found for /Users/maksym/Documents/Projects/school-management-system/backend/teaching-service/src/main/java/org/edziennik/teachingservice/security/TeacherAccessService.java. Using fallback presentation compiler.
2026.09.12 16:33:06 INFO  no build target found for /Users/maksym/Documents/Projects/school-management-system/backend/grade-service/src/main/java/org/edziennik/gradeservice/grade/mapper/GradeMapper.java. Using fallback presentation compiler.
2026.09.12 16:33:06 INFO  Created report: Optional[file:///Users/maksym/Documents/Projects/school-management-system/backend/grade-service/src/main/java/org/edziennik/gradeservice/grade/mapper/GradeMapper.java]
2026.09.12 16:33:06 INFO  empty definition using pc, found symbol in pc: _empty_/`<any>`#date#studentId# (full report at: "/Users/maksym/Documents/Projects/school-management-system/.metals/.reports/metals-full/2026-09-12/r_empty-definition_16-33-06-937.md")
2026.09.12 16:33:06 WARN  no build target for: /Users/maksym/Documents/Projects/school-management-system/backend/grade-service/src/main/java/org/edziennik/gradeservice/grade/controller/GradeController.java
2026.09.12 16:33:07 INFO  no build target found for /Users/maksym/Documents/Projects/school-management-system/backend/grade-service/src/main/java/org/edziennik/gradeservice/grade/controller/GradeController.java. Using fallback presentation compiler.
2026.09.12 16:33:06 INFO  no build target found for /Users/maksym/Documents/Projects/school-management-system/backend/teaching-service/src/main/java/org/edziennik/teachingservice/security/TeacherAccessService.java. Using fallback presentation compiler.
2026.09.12 16:33:07 WARN  no build target for: /Users/maksym/Documents/Projects/school-management-system/backend/grade-service/src/main/java/org/edziennik/gradeservice/gradeCategory/controller/GradeCategoryController.java
2026.09.12 16:33:07 INFO  no build target found for /Users/maksym/Documents/Projects/school-management-system/backend/grade-service/src/main/java/org/edziennik/gradeservice/gradeCategory/controller/GradeCategoryController.java. Using fallback presentation compiler.
2026.09.12 16:33:07 INFO  no build target found for /Users/maksym/Documents/Projects/school-management-system/backend/grade-service/src/main/java/org/edziennik/gradeservice/grade/controller/GradeController.java. Using fallback presentation compiler.
2026.09.12 16:33:06 INFO  no build target found for /Users/maksym/Documents/Projects/school-management-system/backend/teaching-service/src/main/java/org/edziennik/teachingservice/security/TeacherAccessService.java. Using fallback presentation compiler.
2026.09.12 16:33:07 INFO  empty definition using pc, found symbol in pc: org/edziennik/gradeservice/gradeCategory/service/GradeCategoryService# (full report at: "/Users/maksym/Documents/Projects/school-management-system/.metals/.reports/metals-full/2026-09-12/r_empty-definition_16-28-16-734.md")
2026.09.12 16:33:07 INFO  no build target found for /Users/maksym/Documents/Projects/school-management-system/backend/grade-service/src/main/java/org/edziennik/gradeservice/gradeCategory/controller/GradeCategoryController.java. Using fallback presentation compiler.
2026.09.12 16:33:07 INFO  no build target found for /Users/maksym/Documents/Projects/school-management-system/backend/grade-service/src/main/java/org/edziennik/gradeservice/gradeCategory/service/GradeCategoryService.java. Using fallback presentation compiler.
2026.09.12 16:33:07 INFO  no build target found for /Users/maksym/Documents/Projects/school-management-system/backend/grade-service/src/main/java/org/edziennik/gradeservice/grade/mapper/GradeMapper.java. Using fallback presentation compiler.
2026.09.12 16:33:07 INFO  empty definition using pc, found symbol in pc: org/edziennik/gradeservice/gradeCategory/entity/GradeCategory# (full report at: "/Users/maksym/Documents/Projects/school-management-system/.metals/.reports/metals-full/2026-09-12/r_empty-definition_16-29-16-974.md")
2026.09.12 16:33:07 WARN  no build target for: /Users/maksym/Documents/Projects/school-management-system/backend/grade-service/src/main/java/org/edziennik/gradeservice/grade/entity/Grade.java
2026.09.12 16:33:07 INFO  no build target found for /Users/maksym/Documents/Projects/school-management-system/backend/grade-service/src/main/java/org/edziennik/gradeservice/grade/entity/Grade.java. Using fallback presentation compiler.
2026.09.12 16:33:07 INFO  no build target found for /Users/maksym/Documents/Projects/school-management-system/backend/teaching-service/src/main/java/org/edziennik/teachingservice/security/TeacherAccessService.java. Using fallback presentation compiler.
2026.09.12 16:33:07 INFO  empty definition using pc, found symbol in pc: org/edziennik/gradeservice/gradeCategory/entity/GradeCategory# (full report at: "/Users/maksym/Documents/Projects/school-management-system/.metals/.reports/metals-full/2026-09-12/r_empty-definition_16-29-16-928.md")
2026.09.12 16:33:07 INFO  no build target found for /Users/maksym/Documents/Projects/school-management-system/backend/grade-service/src/main/java/org/edziennik/gradeservice/grade/entity/Grade.java. Using fallback presentation compiler.
2026.09.12 16:33:07 INFO  no build target found for /Users/maksym/Documents/Projects/school-management-system/backend/grade-service/src/main/java/org/edziennik/gradeservice/grade/service/GradeService.java. Using fallback presentation compiler.
2026.09.12 16:33:07 INFO  empty definition using pc, found symbol in pc: org/edziennik/gradeservice/gradeCategory/entity/GradeCategory# (full report at: "/Users/maksym/Documents/Projects/school-management-system/.metals/.reports/metals-full/2026-09-12/r_empty-definition_16-30-46-647.md")
2026.09.12 16:33:08 WARN  no build target for: /Users/maksym/Documents/Projects/school-management-system/backend/grade-service/src/main/java/org/edziennik/gradeservice/gradeCategory/entity/GradeCategory.java
2026.09.12 16:33:07 INFO  no build target found for /Users/maksym/Documents/Projects/school-management-system/backend/teaching-service/src/main/java/org/edziennik/teachingservice/security/TeacherAccessService.java. Using fallback presentation compiler.
2026.09.12 16:33:08 INFO  no build target found for /Users/maksym/Documents/Projects/school-management-system/backend/grade-service/src/main/java/org/edziennik/gradeservice/gradeCategory/entity/GradeCategory.java. Using fallback presentation compiler.
2026.09.12 16:33:08 INFO  no build target found for /Users/maksym/Documents/Projects/school-management-system/backend/grade-service/src/main/java/org/edziennik/gradeservice/gradeCategory/entity/GradeCategory.java. Using fallback presentation compiler.
2026.09.12 16:33:13 INFO  no build target found for /Users/maksym/Documents/Projects/school-management-system/backend/school-structure-service/src/main/java/org/edziennik/schoolstructureservice/grpc/SchoolStructureGrpcService.java. Using fallback presentation compiler.
2026.09.12 16:33:13 INFO  no build target found for /Users/maksym/Documents/Projects/school-management-system/backend/teaching-service/src/main/java/org/edziennik/teachingservice/grpc/SchoolStructureGrpcClient.java. Using fallback presentation compiler.
2026.09.12 16:33:42 INFO  no build target found for /Users/maksym/Documents/Projects/school-management-system/backend/grade-service/src/main/java/org/edziennik/gradeservice/grade/mapper/GradeMapper.java. Using fallback presentation compiler.
2026.09.12 16:33:42 WARN  no build target for: /Users/maksym/Documents/Projects/school-management-system/backend/grade-service/src/main/java/org/edziennik/gradeservice/grade/mapper/GradeMapper.java
2026.09.12 16:33:42 INFO  no build target found for /Users/maksym/Documents/Projects/school-management-system/backend/grade-service/src/main/java/org/edziennik/gradeservice/grade/mapper/GradeMapper.java. Using fallback presentation compiler.
2026.09.12 16:33:42 INFO  no build target found for /Users/maksym/Documents/Projects/school-management-system/backend/grade-service/src/main/java/org/edziennik/gradeservice/grade/mapper/GradeMapper.java. Using fallback presentation compiler.
2026.09.12 16:33:42 INFO  no build target found for /Users/maksym/Documents/Projects/school-management-system/backend/grade-service/src/main/java/org/edziennik/gradeservice/grade/mapper/GradeMapper.java. Using fallback presentation compiler.
wrz 12, 2026 4:33:42 PM org.eclipse.lsp4j.jsonrpc.RemoteEndpoint handleCancellation
WARNING: Unmatched cancel notification for request id 170
2026.09.12 16:34:03 INFO  no build target found for /Users/maksym/Documents/Projects/school-management-system/backend/grade-service/src/main/java/org/edziennik/gradeservice/grade/service/GradeService.java. Using fallback presentation compiler.
2026.09.12 16:34:03 WARN  no build target for: /Users/maksym/Documents/Projects/school-management-system/backend/grade-service/src/main/java/org/edziennik/gradeservice/grade/service/GradeService.java
wrz 12, 2026 4:34:03 PM org.eclipse.lsp4j.jsonrpc.RemoteEndpoint handleCancellation
WARNING: Unmatched cancel notification for request id 212
2026.09.12 16:34:03 INFO  no build target found for /Users/maksym/Documents/Projects/school-management-system/backend/grade-service/src/main/java/org/edziennik/gradeservice/grade/service/GradeService.java. Using fallback presentation compiler.
2026.09.12 16:34:03 INFO  no build target found for /Users/maksym/Documents/Projects/school-management-system/backend/grade-service/src/main/java/org/edziennik/gradeservice/grade/service/GradeService.java. Using fallback presentation compiler.
2026.09.12 16:34:03 INFO  no build target found for /Users/maksym/Documents/Projects/school-management-system/backend/grade-service/src/main/java/org/edziennik/gradeservice/grade/service/GradeService.java. Using fallback presentation compiler.
2026.09.12 16:34:12 INFO  no build target found for /Users/maksym/Documents/Projects/school-management-system/backend/grade-service/src/main/java/org/edziennik/gradeservice/gradeCategory/mapper/GradeCategoryMapper.java. Using fallback presentation compiler.
2026.09.12 16:34:12 WARN  no build target for: /Users/maksym/Documents/Projects/school-management-system/backend/grade-service/src/main/java/org/edziennik/gradeservice/gradeCategory/mapper/GradeCategoryMapper.java
2026.09.12 16:34:12 INFO  no build target found for /Users/maksym/Documents/Projects/school-management-system/backend/grade-service/src/main/java/org/edziennik/gradeservice/gradeCategory/mapper/GradeCategoryMapper.java. Using fallback presentation compiler.
2026.09.12 16:34:12 INFO  no build target found for /Users/maksym/Documents/Projects/school-management-system/backend/grade-service/src/main/java/org/edziennik/gradeservice/gradeCategory/mapper/GradeCategoryMapper.java. Using fallback presentation compiler.
2026.09.12 16:34:12 INFO  no build target found for /Users/maksym/Documents/Projects/school-management-system/backend/grade-service/src/main/java/org/edziennik/gradeservice/gradeCategory/mapper/GradeCategoryMapper.java. Using fallback presentation compiler.
2026.09.12 16:34:22 INFO  no build target found for /Users/maksym/Documents/Projects/school-management-system/backend/grade-service/src/main/java/org/edziennik/gradeservice/gradeCategory/service/GradeCategoryService.java. Using fallback presentation compiler.
2026.09.12 16:34:22 WARN  no build target for: /Users/maksym/Documents/Projects/school-management-system/backend/grade-service/src/main/java/org/edziennik/gradeservice/gradeCategory/service/GradeCategoryService.java
wrz 12, 2026 4:34:22 PM org.eclipse.lsp4j.jsonrpc.RemoteEndpoint handleCancellation
WARNING: Unmatched cancel notification for request id 261
2026.09.12 16:34:22 INFO  no build target found for /Users/maksym/Documents/Projects/school-management-system/backend/grade-service/src/main/java/org/edziennik/gradeservice/gradeCategory/service/GradeCategoryService.java. Using fallback presentation compiler.
2026.09.12 16:34:22 INFO  no build target found for /Users/maksym/Documents/Projects/school-management-system/backend/grade-service/src/main/java/org/edziennik/gradeservice/gradeCategory/service/GradeCategoryService.java. Using fallback presentation compiler.
2026.09.12 16:34:22 INFO  no build target found for /Users/maksym/Documents/Projects/school-management-system/backend/grade-service/src/main/java/org/edziennik/gradeservice/gradeCategory/service/GradeCategoryService.java. Using fallback presentation compiler.
2026.09.12 16:34:35 INFO  no build target found for /Users/maksym/Documents/Projects/school-management-system/backend/grade-service/src/main/java/org/edziennik/gradeservice/grade/mapper/GradeMapper.java. Using fallback presentation compiler.
2026.09.12 16:34:35 WARN  no build target for: /Users/maksym/Documents/Projects/school-management-system/backend/grade-service/src/main/java/org/edziennik/gradeservice/grade/mapper/GradeMapper.java
2026.09.12 16:34:35 INFO  no build target found for /Users/maksym/Documents/Projects/school-management-system/backend/grade-service/src/main/java/org/edziennik/gradeservice/grade/mapper/GradeMapper.java. Using fallback presentation compiler.
2026.09.12 16:34:36 INFO  no build target found for /Users/maksym/Documents/Projects/school-management-system/backend/grade-service/src/main/java/org/edziennik/gradeservice/grade/mapper/GradeMapper.java. Using fallback presentation compiler.
2026.09.12 16:34:35 INFO  no build target found for /Users/maksym/Documents/Projects/school-management-system/backend/grade-service/src/main/java/org/edziennik/gradeservice/grade/mapper/GradeMapper.java. Using fallback presentation compiler.
2026.09.12 16:34:35 INFO  no build target found for /Users/maksym/Documents/Projects/school-management-system/backend/grade-service/src/main/java/org/edziennik/gradeservice/grade/mapper/GradeMapper.java. Using fallback presentation compiler.
2026.09.12 16:34:40 INFO  no build target found for /Users/maksym/Documents/Projects/school-management-system/backend/grade-service/src/main/java/org/edziennik/gradeservice/gradeCategory/mapper/GradeCategoryMapper.java. Using fallback presentation compiler.
2026.09.12 16:34:40 WARN  no build target for: /Users/maksym/Documents/Projects/school-management-system/backend/grade-service/src/main/java/org/edziennik/gradeservice/gradeCategory/mapper/GradeCategoryMapper.java
2026.09.12 16:34:40 INFO  no build target found for /Users/maksym/Documents/Projects/school-management-system/backend/grade-service/src/main/java/org/edziennik/gradeservice/gradeCategory/mapper/GradeCategoryMapper.java. Using fallback presentation compiler.
2026.09.12 16:34:40 INFO  no build target found for /Users/maksym/Documents/Projects/school-management-system/backend/grade-service/src/main/java/org/edziennik/gradeservice/gradeCategory/mapper/GradeCategoryMapper.java. Using fallback presentation compiler.
2026.09.12 16:34:40 INFO  no build target found for /Users/maksym/Documents/Projects/school-management-system/backend/grade-service/src/main/java/org/edziennik/gradeservice/gradeCategory/mapper/GradeCategoryMapper.java. Using fallback presentation compiler.
2026.09.12 16:34:41 INFO  no build target found for /Users/maksym/Documents/Projects/school-management-system/backend/grade-service/src/main/java/org/edziennik/gradeservice/grade/service/GradeService.java. Using fallback presentation compiler.
2026.09.12 16:34:41 WARN  no build target for: /Users/maksym/Documents/Projects/school-management-system/backend/grade-service/src/main/java/org/edziennik/gradeservice/grade/service/GradeService.java
wrz 12, 2026 4:34:41 PM org.eclipse.lsp4j.jsonrpc.RemoteEndpoint handleCancellation
WARNING: Unmatched cancel notification for request id 359
2026.09.12 16:34:41 INFO  no build target found for /Users/maksym/Documents/Projects/school-management-system/backend/grade-service/src/main/java/org/edziennik/gradeservice/grade/service/GradeService.java. Using fallback presentation compiler.
2026.09.12 16:34:41 INFO  no build target found for /Users/maksym/Documents/Projects/school-management-system/backend/grade-service/src/main/java/org/edziennik/gradeservice/grade/service/GradeService.java. Using fallback presentation compiler.
2026.09.12 16:34:41 INFO  no build target found for /Users/maksym/Documents/Projects/school-management-system/backend/grade-service/src/main/java/org/edziennik/gradeservice/grade/service/GradeService.java. Using fallback presentation compiler.
2026.09.12 16:34:41 INFO  no build target found for /Users/maksym/Documents/Projects/school-management-system/backend/grade-service/src/main/java/org/edziennik/gradeservice/grade/service/GradeService.java. Using fallback presentation compiler.
2026.09.12 16:34:43 INFO  no build target found for /Users/maksym/Documents/Projects/school-management-system/backend/grade-service/src/main/java/org/edziennik/gradeservice/grade/service/GradeService.java. Using fallback presentation compiler.
2026.09.12 16:34:48 INFO  no build target found for /Users/maksym/Documents/Projects/school-management-system/backend/grade-service/src/main/java/org/edziennik/gradeservice/grade/service/GradeService.java. Using fallback presentation compiler.
2026.09.12 16:35:00 INFO  no build target found for /Users/maksym/Documents/Projects/school-management-system/backend/grade-service/src/main/java/org/edziennik/gradeservice/gradeCategory/service/GradeCategoryService.java. Using fallback presentation compiler.
2026.09.12 16:35:00 WARN  no build target for: /Users/maksym/Documents/Projects/school-management-system/backend/grade-service/src/main/java/org/edziennik/gradeservice/gradeCategory/service/GradeCategoryService.java
2026.09.12 16:35:00 INFO  no build target found for /Users/maksym/Documents/Projects/school-management-system/backend/grade-service/src/main/java/org/edziennik/gradeservice/gradeCategory/service/GradeCategoryService.java. Using fallback presentation compiler.
2026.09.12 16:35:00 INFO  no build target found for /Users/maksym/Documents/Projects/school-management-system/backend/grade-service/src/main/java/org/edziennik/gradeservice/gradeCategory/service/GradeCategoryService.java. Using fallback presentation compiler.
2026.09.12 16:35:00 INFO  no build target found for /Users/maksym/Documents/Projects/school-management-system/backend/grade-service/src/main/java/org/edziennik/gradeservice/gradeCategory/service/GradeCategoryService.java. Using fallback presentation compiler.
2026.09.12 16:35:09 INFO  no build target found for /Users/maksym/Documents/Projects/school-management-system/backend/grade-service/src/main/java/org/edziennik/gradeservice/grpc/SchoolStructureGrpcClient.java. Using fallback presentation compiler.
2026.09.12 16:35:09 WARN  no build target for: /Users/maksym/Documents/Projects/school-management-system/backend/grade-service/src/main/java/org/edziennik/gradeservice/grpc/SchoolStructureGrpcClient.java
2026.09.12 16:35:09 INFO  no build target found for /Users/maksym/Documents/Projects/school-management-system/backend/grade-service/src/main/java/org/edziennik/gradeservice/grpc/SchoolStructureGrpcClient.java. Using fallback presentation compiler.
2026.09.12 16:35:12 INFO  no build target found for /Users/maksym/Documents/Projects/school-management-system/backend/grade-service/src/main/java/org/edziennik/gradeservice/grpc/SchoolStructureGrpcClient.java. Using fallback presentation compiler.
wrz 12, 2026 4:35:12 PM org.eclipse.lsp4j.jsonrpc.RemoteEndpoint handleCancellation
WARNING: Unmatched cancel notification for request id 516
2026.09.12 16:35:18 INFO  no build target found for /Users/maksym/Documents/Projects/school-management-system/backend/grade-service/src/main/java/org/edziennik/gradeservice/grpc/SchoolStructureGrpcClient.java. Using fallback presentation compiler.
2026.09.12 16:35:24 INFO  no build target found for /Users/maksym/Documents/Projects/school-management-system/backend/grade-service/src/main/java/org/edziennik/gradeservice/grpc/SchoolStructureGrpcClient.java. Using fallback presentation compiler.
2026.09.12 16:40:24 INFO  no build target found for /Users/maksym/Documents/Projects/school-management-system/backend/grade-service/src/main/java/org/edziennik/gradeservice/gradeCategory/mapper/GradeCategoryMapper.java. Using fallback presentation compiler.
2026.09.13 11:42:45 INFO  no build target found for /Users/maksym/Documents/Projects/school-management-system/backend/grade-service/src/main/java/org/edziennik/gradeservice/grpc/SchoolStructureGrpcClient.java. Using fallback presentation compiler.
2026.09.13 11:42:45 INFO  no build target found for /Users/maksym/Documents/Projects/school-management-system/backend/grade-service/src/main/java/org/edziennik/gradeservice/grpc/SchoolStructureGrpcClient.java. Using fallback presentation compiler.
2026.09.13 11:42:49 WARN  no build target for: /Users/maksym/Documents/Projects/school-management-system/backend/grade-service/src/main/java/org/edziennik/gradeservice/gradeCategory/service/GradeCategoryService.java
2026.09.13 11:42:49 WARN  no build target for: /Users/maksym/Documents/Projects/school-management-system/backend/grade-service/src/main/java/org/edziennik/gradeservice/gradeCategory/mapper/GradeCategoryMapper.java
2026.09.13 11:42:49 WARN  no build target for: /Users/maksym/Documents/Projects/school-management-system/backend/grade-service/src/main/java/org/edziennik/gradeservice/grade/mapper/GradeMapper.java
2026.09.13 11:42:49 WARN  no build target for: /Users/maksym/Documents/Projects/school-management-system/backend/grade-service/src/main/java/org/edziennik/gradeservice/grade/service/GradeService.java
2026.09.13 11:42:49 WARN  no build target for: /Users/maksym/Documents/Projects/school-management-system/backend/grade-service/src/main/java/org/edziennik/gradeservice/grpc/SchoolStructureGrpcClient.java
2026.09.13 11:42:49 INFO  no build target found for /Users/maksym/Documents/Projects/school-management-system/backend/grade-service/src/main/java/org/edziennik/gradeservice/grpc/SchoolStructureGrpcClient.java. Using fallback presentation compiler.
2026.09.13 11:42:49 INFO  no build target found for /Users/maksym/Documents/Projects/school-management-system/backend/grade-service/src/main/java/org/edziennik/gradeservice/grpc/SchoolStructureGrpcClient.java. Using fallback presentation compiler.
2026.09.13 11:42:50 INFO  no build target found for /Users/maksym/Documents/Projects/school-management-system/backend/grade-service/src/main/java/org/edziennik/gradeservice/grpc/SchoolStructureGrpcClient.java. Using fallback presentation compiler.
2026.09.13 11:48:54 WARN  no build target for: /Users/maksym/Documents/Projects/school-management-system/backend/school-structure-service/src/main/java/org/edziennik/schoolstructureservice/grpc/SchoolStructureGrpcService.java
2026.09.13 11:48:54 INFO  no build target found for /Users/maksym/Documents/Projects/school-management-system/backend/school-structure-service/src/main/java/org/edziennik/schoolstructureservice/grpc/SchoolStructureGrpcService.java. Using fallback presentation compiler.
2026.09.13 11:48:54 INFO  no build target found for /Users/maksym/Documents/Projects/school-management-system/backend/grade-service/src/main/java/org/edziennik/gradeservice/grpc/SchoolStructureGrpcClient.java. Using fallback presentation compiler.
2026.09.13 11:48:55 INFO  no build target found for /Users/maksym/Documents/Projects/school-management-system/backend/school-structure-service/src/main/java/org/edziennik/schoolstructureservice/grpc/SchoolStructureGrpcService.java. Using fallback presentation compiler.
2026.09.13 11:50:34 WARN  no build target for: /Users/maksym/Documents/Projects/school-management-system/backend/school-structure-service/src/main/java/org/edziennik/schoolstructureservice/student/controller/StudentController.java
2026.09.13 11:50:34 WARN  no build target for: /Users/maksym/Documents/Projects/school-management-system/backend/school-structure-service/src/main/java/org/edziennik/schoolstructureservice/group/controller/GroupController.java
2026.09.13 11:50:34 INFO  no build target found for /Users/maksym/Documents/Projects/school-management-system/backend/grade-service/src/main/java/org/edziennik/gradeservice/grpc/SchoolStructureGrpcClient.java. Using fallback presentation compiler.
2026.09.13 11:50:39 WARN  no build target for: /Users/maksym/Documents/Projects/school-management-system/backend/grade-service/src/main/java/org/edziennik/gradeservice/semester_grade/controller/SemesterGradeController.java
2026.09.13 11:50:39 INFO  no build target found for /Users/maksym/Documents/Projects/school-management-system/backend/grade-service/src/main/java/org/edziennik/gradeservice/grpc/SchoolStructureGrpcClient.java. Using fallback presentation compiler.
2026.09.13 11:50:44 WARN  no build target for: /Users/maksym/Documents/Projects/school-management-system/backend/grade-service/src/main/java/org/edziennik/gradeservice/semester_grade/dto/SemesterGradeResponseDTO.java
2026.09.13 11:50:44 WARN  no build target for: /Users/maksym/Documents/Projects/school-management-system/backend/grade-service/src/main/java/org/edziennik/gradeservice/semester_grade/service/SemesterGradeService.java
2026.09.13 11:50:44 INFO  no build target found for /Users/maksym/Documents/Projects/school-management-system/backend/grade-service/src/main/java/org/edziennik/gradeservice/grpc/SchoolStructureGrpcClient.java. Using fallback presentation compiler.
2026.09.13 11:52:28 INFO  no build target found for /Users/maksym/Documents/Projects/school-management-system/backend/grade-service/src/main/java/org/edziennik/gradeservice/grade/service/GradeService.java. Using fallback presentation compiler.
2026.09.13 11:52:28 INFO  no build target found for /Users/maksym/Documents/Projects/school-management-system/backend/grade-service/src/main/java/org/edziennik/gradeservice/grade/mapper/GradeMapper.java. Using fallback presentation compiler.
2026.09.13 11:52:28 INFO  Created report: Optional[file:///Users/maksym/Documents/Projects/school-management-system/backend/grade-service/src/main/java/org/edziennik/gradeservice/grade/mapper/GradeMapper.java]
2026.09.13 11:52:28 INFO  empty definition using pc, found symbol in pc: _empty_/`<any>`#date# (full report at: "/Users/maksym/Documents/Projects/school-management-system/.metals/.reports/metals-full/2026-09-13/r_empty-definition_11-52-28-646.md")
2026.09.13 11:52:28 WARN  no build target for: /Users/maksym/Documents/Projects/school-management-system/backend/grade-service/src/main/java/org/edziennik/gradeservice/grade/dto/GradeResponseDTO.java
2026.09.13 11:52:28 INFO  no build target found for /Users/maksym/Documents/Projects/school-management-system/backend/grade-service/src/main/java/org/edziennik/gradeservice/grade/dto/GradeResponseDTO.java. Using fallback presentation compiler.
2026.09.13 11:52:28 INFO  no build target found for /Users/maksym/Documents/Projects/school-management-system/backend/grade-service/src/main/java/org/edziennik/gradeservice/grade/dto/GradeResponseDTO.java. Using fallback presentation compiler.
2026.09.13 11:52:34 WARN  no build target for: /Users/maksym/Documents/Projects/school-management-system/backend/grade-service/src/main/java/org/edziennik/gradeservice/gradeCategory/controller/GradeCategoryController.java
2026.09.13 11:52:34 WARN  no build target for: /Users/maksym/Documents/Projects/school-management-system/backend/grade-service/src/main/java/org/edziennik/gradeservice/gradeCategory/repository/GradeCategoryRepository.java
2026.09.13 11:52:35 INFO  no build target found for /Users/maksym/Documents/Projects/school-management-system/backend/grade-service/src/main/java/org/edziennik/gradeservice/gradeCategory/controller/GradeCategoryController.java. Using fallback presentation compiler.
2026.09.13 11:52:35 INFO  no build target found for /Users/maksym/Documents/Projects/school-management-system/backend/grade-service/src/main/java/org/edziennik/gradeservice/gradeCategory/repository/GradeCategoryRepository.java. Using fallback presentation compiler.
2026.09.13 11:52:35 INFO  no build target found for /Users/maksym/Documents/Projects/school-management-system/backend/grade-service/src/main/java/org/edziennik/gradeservice/gradeCategory/service/GradeCategoryService.java. Using fallback presentation compiler.
2026.09.13 11:52:35 INFO  no build target found for /Users/maksym/Documents/Projects/school-management-system/backend/grade-service/src/main/java/org/edziennik/gradeservice/gradeCategory/mapper/GradeCategoryMapper.java. Using fallback presentation compiler.
2026.09.13 11:52:35 WARN  no build target for: /Users/maksym/Documents/Projects/school-management-system/backend/grade-service/src/main/java/org/edziennik/gradeservice/gradeCategory/controller/GradeCategoryController.java
2026.09.13 11:52:35 WARN  no build target for: /Users/maksym/Documents/Projects/school-management-system/backend/grade-service/src/main/java/org/edziennik/gradeservice/gradeCategory/repository/GradeCategoryRepository.java
2026.09.13 11:52:35 WARN  no build target for: /Users/maksym/Documents/Projects/school-management-system/backend/grade-service/src/main/java/org/edziennik/gradeservice/gradeCategory/mapper/GradeCategoryMapper.java
2026.09.13 11:52:35 WARN  no build target for: /Users/maksym/Documents/Projects/school-management-system/backend/grade-service/src/main/java/org/edziennik/gradeservice/gradeCategory/service/GradeCategoryService.java
2026.09.13 11:52:57 INFO  no build target found for /Users/maksym/Documents/Projects/school-management-system/backend/grade-service/src/main/java/org/edziennik/gradeservice/gradeCategory/service/GradeCategoryService.java. Using fallback presentation compiler.
2026.09.13 11:52:57 WARN  no build target for: /Users/maksym/Documents/Projects/school-management-system/backend/grade-service/src/main/java/org/edziennik/gradeservice/gradeCategory/service/GradeCategoryService.java
2026.09.13 11:52:57 INFO  no build target found for /Users/maksym/Documents/Projects/school-management-system/backend/grade-service/src/main/java/org/edziennik/gradeservice/gradeCategory/service/GradeCategoryService.java. Using fallback presentation compiler.
2026.09.13 11:53:18 INFO  no build target found for /Users/maksym/Documents/Projects/school-management-system/backend/grade-service/src/main/java/org/edziennik/gradeservice/gradeCategory/repository/GradeCategoryRepository.java. Using fallback presentation compiler.
2026.09.13 11:53:18 WARN  no build target for: /Users/maksym/Documents/Projects/school-management-system/backend/grade-service/src/main/java/org/edziennik/gradeservice/gradeCategory/repository/GradeCategoryRepository.java
2026.09.13 11:53:18 INFO  no build target found for /Users/maksym/Documents/Projects/school-management-system/backend/grade-service/src/main/java/org/edziennik/gradeservice/gradeCategory/repository/GradeCategoryRepository.java. Using fallback presentation compiler.
wrz 13, 2026 11:53:20 AM org.eclipse.lsp4j.jsonrpc.RemoteEndpoint handleCancellation
WARNING: Unmatched cancel notification for request id 692
2026.09.13 11:53:23 INFO  no build target found for /Users/maksym/Documents/Projects/school-management-system/backend/grade-service/src/main/java/org/edziennik/gradeservice/gradeCategory/mapper/GradeCategoryMapper.java. Using fallback presentation compiler.
2026.09.13 11:53:23 WARN  no build target for: /Users/maksym/Documents/Projects/school-management-system/backend/grade-service/src/main/java/org/edziennik/gradeservice/gradeCategory/mapper/GradeCategoryMapper.java
2026.09.13 11:53:23 INFO  no build target found for /Users/maksym/Documents/Projects/school-management-system/backend/grade-service/src/main/java/org/edziennik/gradeservice/gradeCategory/mapper/GradeCategoryMapper.java. Using fallback presentation compiler.
2026.09.13 11:53:23 INFO  no build target found for /Users/maksym/Documents/Projects/school-management-system/backend/grade-service/src/main/java/org/edziennik/gradeservice/gradeCategory/mapper/GradeCategoryMapper.java. Using fallback presentation compiler.
2026.09.13 11:53:23 INFO  no build target found for /Users/maksym/Documents/Projects/school-management-system/backend/grade-service/src/main/java/org/edziennik/gradeservice/gradeCategory/mapper/GradeCategoryMapper.java. Using fallback presentation compiler.
2026.09.13 11:53:28 INFO  no build target found for /Users/maksym/Documents/Projects/school-management-system/backend/grade-service/src/main/java/org/edziennik/gradeservice/gradeCategory/controller/GradeCategoryController.java. Using fallback presentation compiler.
2026.09.13 11:53:28 WARN  no build target for: /Users/maksym/Documents/Projects/school-management-system/backend/grade-service/src/main/java/org/edziennik/gradeservice/gradeCategory/controller/GradeCategoryController.java
2026.09.13 11:53:28 INFO  no build target found for /Users/maksym/Documents/Projects/school-management-system/backend/grade-service/src/main/java/org/edziennik/gradeservice/gradeCategory/controller/GradeCategoryController.java. Using fallback presentation compiler.
2026.09.13 11:53:28 INFO  no build target found for /Users/maksym/Documents/Projects/school-management-system/backend/grade-service/src/main/java/org/edziennik/gradeservice/gradeCategory/controller/GradeCategoryController.java. Using fallback presentation compiler.
2026.09.13 11:53:34 INFO  no build target found for /Users/maksym/Documents/Projects/school-management-system/backend/school-structure-service/src/main/java/org/edziennik/schoolstructureservice/group/controller/GroupController.java. Using fallback presentation compiler.
2026.09.13 11:53:34 INFO  no build target found for /Users/maksym/Documents/Projects/school-management-system/backend/school-structure-service/src/main/java/org/edziennik/schoolstructureservice/student/controller/StudentController.java. Using fallback presentation compiler.
2026.09.13 11:53:39 INFO  no build target found for /Users/maksym/Documents/Projects/school-management-system/backend/grade-service/src/main/java/org/edziennik/gradeservice/semester_grade/controller/SemesterGradeController.java. Using fallback presentation compiler.
2026.09.13 11:53:44 INFO  no build target found for /Users/maksym/Documents/Projects/school-management-system/backend/grade-service/src/main/java/org/edziennik/gradeservice/semester_grade/dto/SemesterGradeResponseDTO.java. Using fallback presentation compiler.
2026.09.13 11:53:44 INFO  no build target found for /Users/maksym/Documents/Projects/school-management-system/backend/grade-service/src/main/java/org/edziennik/gradeservice/semester_grade/service/SemesterGradeService.java. Using fallback presentation compiler.
2026.09.13 11:53:50 WARN  no build target for: /Users/maksym/Documents/Projects/school-management-system/backend/school-structure-service/src/main/java/org/edziennik/schoolstructureservice/grpc/SchoolStructureGrpcService.java
2026.09.13 11:53:50 INFO  no build target found for /Users/maksym/Documents/Projects/school-management-system/backend/school-structure-service/src/main/java/org/edziennik/schoolstructureservice/grpc/SchoolStructureGrpcService.java. Using fallback presentation compiler.
2026.09.13 11:53:50 INFO  no build target found for /Users/maksym/Documents/Projects/school-management-system/backend/grade-service/src/main/java/org/edziennik/gradeservice/gradeCategory/controller/GradeCategoryController.java. Using fallback presentation compiler.
2026.09.13 11:53:50 INFO  no build target found for /Users/maksym/Documents/Projects/school-management-system/backend/school-structure-service/src/main/java/org/edziennik/schoolstructureservice/grpc/SchoolStructureGrpcService.java. Using fallback presentation compiler.
2026.09.13 11:53:52 INFO  no build target found for /Users/maksym/Documents/Projects/school-management-system/backend/grade-service/src/main/java/org/edziennik/gradeservice/grade/mapper/GradeMapper.java. Using fallback presentation compiler.
2026.09.13 11:53:52 INFO  empty definition using pc, found symbol in pc: _empty_/`<any>`#date# (full report at: "/Users/maksym/Documents/Projects/school-management-system/.metals/.reports/metals-full/2026-09-13/r_empty-definition_11-52-28-646.md")
2026.09.13 11:53:52 WARN  no build target for: /Users/maksym/Documents/Projects/school-management-system/backend/grade-service/src/main/java/org/edziennik/gradeservice/grade/dto/GradeResponseDTO.java
2026.09.13 11:53:52 INFO  no build target found for /Users/maksym/Documents/Projects/school-management-system/backend/grade-service/src/main/java/org/edziennik/gradeservice/gradeCategory/controller/GradeCategoryController.java. Using fallback presentation compiler.
2026.09.13 11:53:52 INFO  no build target found for /Users/maksym/Documents/Projects/school-management-system/backend/grade-service/src/main/java/org/edziennik/gradeservice/grade/dto/GradeResponseDTO.java. Using fallback presentation compiler.
2026.09.13 11:53:52 INFO  no build target found for /Users/maksym/Documents/Projects/school-management-system/backend/grade-service/src/main/java/org/edziennik/gradeservice/grade/dto/GradeResponseDTO.java. Using fallback presentation compiler.
2026.09.13 12:00:24 INFO  no build target found for /Users/maksym/Documents/Projects/school-management-system/backend/grade-service/src/main/java/org/edziennik/gradeservice/gradeCategory/controller/GradeCategoryController.java. Using fallback presentation compiler.
2026.09.13 12:00:24 WARN  no build target for: /Users/maksym/Documents/Projects/school-management-system/backend/grade-service/src/main/java/org/edziennik/gradeservice/gradeCategory/controller/GradeCategoryController.java
wrz 13, 2026 12:00:24 PM org.eclipse.lsp4j.jsonrpc.RemoteEndpoint handleCancellation
WARNING: Unmatched cancel notification for request id 779
2026.09.13 12:00:24 INFO  no build target found for /Users/maksym/Documents/Projects/school-management-system/backend/grade-service/src/main/java/org/edziennik/gradeservice/gradeCategory/controller/GradeCategoryController.java. Using fallback presentation compiler.
2026.09.13 12:00:24 INFO  no build target found for /Users/maksym/Documents/Projects/school-management-system/backend/grade-service/src/main/java/org/edziennik/gradeservice/gradeCategory/controller/GradeCategoryController.java. Using fallback presentation compiler.
2026.09.13 12:00:29 INFO  no build target found for /Users/maksym/Documents/Projects/school-management-system/backend/grade-service/src/main/java/org/edziennik/gradeservice/gradeCategory/controller/GradeCategoryController.java. Using fallback presentation compiler.
2026.09.13 12:00:32 INFO  no build target found for /Users/maksym/Documents/Projects/school-management-system/backend/grade-service/src/main/java/org/edziennik/gradeservice/gradeCategory/repository/GradeCategoryRepository.java. Using fallback presentation compiler.
2026.09.13 12:00:32 WARN  no build target for: /Users/maksym/Documents/Projects/school-management-system/backend/grade-service/src/main/java/org/edziennik/gradeservice/gradeCategory/repository/GradeCategoryRepository.java
wrz 13, 2026 12:00:32 PM org.eclipse.lsp4j.jsonrpc.RemoteEndpoint handleCancellation
WARNING: Unmatched cancel notification for request id 797
2026.09.13 12:00:32 INFO  no build target found for /Users/maksym/Documents/Projects/school-management-system/backend/grade-service/src/main/java/org/edziennik/gradeservice/gradeCategory/repository/GradeCategoryRepository.java. Using fallback presentation compiler.
2026.09.13 12:00:32 INFO  no build target found for /Users/maksym/Documents/Projects/school-management-system/backend/grade-service/src/main/java/org/edziennik/gradeservice/gradeCategory/repository/GradeCategoryRepository.java. Using fallback presentation compiler.
2026.09.13 12:00:34 INFO  no build target found for /Users/maksym/Documents/Projects/school-management-system/backend/grade-service/src/main/java/org/edziennik/gradeservice/gradeCategory/mapper/GradeCategoryMapper.java. Using fallback presentation compiler.
2026.09.13 12:00:34 WARN  no build target for: /Users/maksym/Documents/Projects/school-management-system/backend/grade-service/src/main/java/org/edziennik/gradeservice/gradeCategory/mapper/GradeCategoryMapper.java
2026.09.13 12:00:34 INFO  no build target found for /Users/maksym/Documents/Projects/school-management-system/backend/grade-service/src/main/java/org/edziennik/gradeservice/gradeCategory/mapper/GradeCategoryMapper.java. Using fallback presentation compiler.
2026.09.13 12:00:34 INFO  no build target found for /Users/maksym/Documents/Projects/school-management-system/backend/grade-service/src/main/java/org/edziennik/gradeservice/gradeCategory/mapper/GradeCategoryMapper.java. Using fallback presentation compiler.
2026.09.13 12:00:34 INFO  no build target found for /Users/maksym/Documents/Projects/school-management-system/backend/grade-service/src/main/java/org/edziennik/gradeservice/gradeCategory/mapper/GradeCategoryMapper.java. Using fallback presentation compiler.
2026.09.13 12:00:37 INFO  no build target found for /Users/maksym/Documents/Projects/school-management-system/backend/grade-service/src/main/java/org/edziennik/gradeservice/gradeCategory/mapper/GradeCategoryMapper.java. Using fallback presentation compiler.
2026.09.13 12:00:37 INFO  no build target found for /Users/maksym/Documents/Projects/school-management-system/backend/grade-service/src/main/java/org/edziennik/gradeservice/gradeCategory/mapper/GradeCategoryMapper.java. Using fallback presentation compiler.
2026.09.13 12:00:37 INFO  no build target found for /Users/maksym/Documents/Projects/school-management-system/backend/grade-service/src/main/java/org/edziennik/gradeservice/gradeCategory/mapper/GradeCategoryMapper.java. Using fallback presentation compiler.
2026.09.13 12:00:40 INFO  no build target found for /Users/maksym/Documents/Projects/school-management-system/backend/grade-service/src/main/java/org/edziennik/gradeservice/gradeCategory/mapper/GradeCategoryMapper.java. Using fallback presentation compiler.
2026.09.13 12:00:40 INFO  no build target found for /Users/maksym/Documents/Projects/school-management-system/backend/grade-service/src/main/java/org/edziennik/gradeservice/gradeCategory/mapper/GradeCategoryMapper.java. Using fallback presentation compiler.
2026.09.13 12:00:40 INFO  no build target found for /Users/maksym/Documents/Projects/school-management-system/backend/grade-service/src/main/java/org/edziennik/gradeservice/gradeCategory/mapper/GradeCategoryMapper.java. Using fallback presentation compiler.
2026.09.13 12:00:43 INFO  time: code lens generation in 2.74s
2026.09.13 12:00:44 WARN  no build target for: /Users/maksym/Documents/Projects/school-management-system/backend/grade-service/src/main/java/org/edziennik/gradeservice/gradeCategory/mapper/GradeCategoryMapper.javawrz 13, 2026 12:00:44 PM org.eclipse.lsp4j.jsonrpc.RemoteEndpoint handleCancellation
WARNING: Unmatched cancel notification for request id 823

2026.09.13 12:00:46 WARN  no build target for: /Users/maksym/Documents/Projects/school-management-system/backend/grade-service/src/main/java/org/edziennik/gradeservice/gradeCategory/service/GradeCategoryService.java
2026.09.13 12:00:46 WARN  no build target for: /Users/maksym/Documents/Projects/school-management-system/backend/grade-service/src/main/java/org/edziennik/gradeservice/gradeCategory/repository/GradeCategoryRepository.java
2026.09.13 12:00:49 INFO  no build target found for /Users/maksym/Documents/Projects/school-management-system/backend/grade-service/src/main/java/org/edziennik/gradeservice/gradeCategory/mapper/GradeCategoryMapper.java. Using fallback presentation compiler.
2026.09.13 12:00:50 INFO  no build target found for /Users/maksym/Documents/Projects/school-management-system/backend/grade-service/src/main/java/org/edziennik/gradeservice/gradeCategory/mapper/GradeCategoryMapper.java. Using fallback presentation compiler.
2026.09.13 12:00:51 INFO  no build target found for /Users/maksym/Documents/Projects/school-management-system/backend/grade-service/src/main/java/org/edziennik/gradeservice/gradeCategory/mapper/GradeCategoryMapper.java. Using fallback presentation compiler.
2026.09.13 12:02:07 INFO  no build target found for /Users/maksym/Documents/Projects/school-management-system/backend/grade-service/src/main/java/org/edziennik/gradeservice/gradeCategory/mapper/GradeCategoryMapper.java. Using fallback presentation compiler.
2026.09.13 12:02:08 INFO  no build target found for /Users/maksym/Documents/Projects/school-management-system/backend/grade-service/src/main/java/org/edziennik/gradeservice/gradeCategory/mapper/GradeCategoryMapper.java. Using fallback presentation compiler.
2026.09.13 17:28:26 INFO  no build target found for /Users/maksym/Documents/Projects/school-management-system/backend/grade-service/src/main/java/org/edziennik/gradeservice/gradeCategory/mapper/GradeCategoryMapper.java. Using fallback presentation compiler.
2026.09.13 17:28:26 INFO  no build target found for /Users/maksym/Documents/Projects/school-management-system/backend/grade-service/src/main/java/org/edziennik/gradeservice/gradeCategory/mapper/GradeCategoryMapper.java. Using fallback presentation compiler.
2026.09.13 17:28:26 INFO  Created report: Optional[file:///Users/maksym/Documents/Projects/school-management-system/backend/grade-service/src/main/java/org/edziennik/gradeservice/gradeCategory/mapper/GradeCategoryMapper.java]
2026.09.13 17:28:26 INFO  empty definition using pc, found symbol in pc: _empty_/GradeCategory# (full report at: "/Users/maksym/Documents/Projects/school-management-system/.metals/.reports/metals-full/2026-09-13/r_empty-definition_17-28-26-709.md")
wrz 13, 2026 5:28:26 PM org.eclipse.lsp4j.jsonrpc.RemoteEndpoint handleCancellation
WARNING: Unmatched cancel notification for request id 844
2026.09.13 17:28:27 INFO  no build target found for /Users/maksym/Documents/Projects/school-management-system/backend/grade-service/src/main/java/org/edziennik/gradeservice/gradeCategory/mapper/GradeCategoryMapper.java. Using fallback presentation compiler.
2026.09.13 19:04:55 INFO  no build target found for /Users/maksym/Documents/Projects/school-management-system/backend/grade-service/src/main/java/org/edziennik/gradeservice/gradeCategory/mapper/GradeCategoryMapper.java. Using fallback presentation compiler.
wrz 13, 2026 7:04:56 PM org.eclipse.lsp4j.jsonrpc.RemoteEndpoint handleCancellation
WARNING: Unmatched cancel notification for request id 850
